Date,Ticker,Open,High,Low,Close,Volume,OpenInterest,Weekday,EvenMonth,ReturnPoints,ReturnPercentage,PositiveMonth,EvenYear,YearlyReturnPoints,YearlyReturnPercentage,PositiveYear
2001-01-01,NIFTYPHARMA,984.94,986.97,943.66,986.97,0,0,Monday,False,,,False,False,,,False
2001-02-01,NIFTYPHARMA,981.14,1033.97,970.31,981.72,0,0,Thursday,True,-5.25,-0.53,False,False,,,False
2001-03-01,NIFTYPHARMA,1012.89,1012.89,863.86,874.9,0,0,Thursday,False,-106.82000000000005,-10.88,False,False,,,False
2001-04-01,NIFTYPHARMA,836.34,862.42,749.18,844.92,0,0,Sunday,True,-29.980000000000018,-3.43,False,False,,,False
2001-05-01,NIFTYPHARMA,841.39,878.83,824.66,878.83,0,0,Tuesday,False,33.91000000000008,4.01,True,False,,,False
2001-06-01,NIFTYPHARMA,873.52,873.52,833.55,858.7,0,0,Friday,True,-20.129999999999995,-2.29,False,False,,,False
2001-07-01,NIFTYPHARMA,847.8,879.89,823.22,860.35,0,0,Sunday,False,1.6499999999999773,0.19,True,False,,,False
2001-08-01,NIFTYPHARMA,873.64,934.8,866.74,922.95,0,0,Wednesday,True,62.60000000000002,7.28,True,False,,,False
2001-09-01,NIFTYPHARMA,927.84,992.87,871.29,907.57,0,0,Saturday,False,-15.379999999999995,-1.67,False,False,,,False
2001-10-01,NIFTYPHARMA,904.27,996.09,896.07,971.89,0,0,Monday,True,64.31999999999994,7.09,True,False,,,False
2001-11-01,NIFTYPHARMA,997.33,1007.74,956.11,1000.14,0,0,Thursday,False,28.25,2.91,True,False,,,False
2001-12-01,NIFTYPHARMA,1002.54,1021.42,956.09,973.72,0,0,Saturday,True,-26.41999999999996,-2.64,False,False,,,False
2002-01-01,NIFTYPHARMA,979.19,1035.89,979.19,998.36,0,0,Tuesday,False,24.639999999999986,2.53,True,True,49.389999999999986,5.07,True
2002-02-01,NIFTYPHARMA,1001.11,1104.69,992.16,1056.8,0,0,Friday,True,58.43999999999994,5.85,True,True,49.389999999999986,5.07,True
2002-03-01,NIFTYPHARMA,1070.87,1102.15,1068.43,1102.15,0,0,Friday,False,45.350000000000136,4.29,True,True,49.389999999999986,5.07,True
2002-04-01,NIFTYPHARMA,1115.32,1140.27,1089.54,1094.31,0,0,Monday,True,-7.8400000000001455,-0.71,False,True,49.389999999999986,5.07,True
2002-05-01,NIFTYPHARMA,1104.21,1117.72,1011.87,1011.87,0,0,Wednesday,False,-82.43999999999994,-7.53,False,True,49.389999999999986,5.07,True
2002-06-01,NIFTYPHARMA,1021.6,1063.29,1012.21,1037.83,0,0,Saturday,True,25.959999999999923,2.57,True,True,49.389999999999986,5.07,True
2002-07-01,NIFTYPHARMA,1034.77,1073.07,999.66,999.66,0,0,Monday,False,-38.16999999999996,-3.68,False,True,49.389999999999986,5.07,True
2002-08-01,NIFTYPHARMA,1009.48,1029.7,1003.35,1029.7,0,0,Thursday,True,30.040000000000077,3.01,True,True,49.389999999999986,5.07,True
2002-09-01,NIFTYPHARMA,1035.37,1035.37,991.29,1012.46,0,0,Sunday,False,-17.24000000000001,-1.67,False,True,49.389999999999986,5.07,True
2002-10-01,NIFTYPHARMA,1002.96,1009.45,914.41,921.15,0,0,Tuesday,True,-91.31000000000006,-9.02,False,True,49.389999999999986,5.07,True
2002-11-01,NIFTYPHARMA,911.21,952.69,902.19,952.69,0,0,Friday,False,31.540000000000077,3.42,True,True,49.389999999999986,5.07,True
2002-12-01,NIFTYPHARMA,962.47,1030.54,953.15,1023.11,0,0,Sunday,True,70.41999999999996,7.39,True,True,49.389999999999986,5.07,True
2003-01-01,NIFTYPHARMA,1034.13,1078.5,1022.6,1036.6,0,0,Wednesday,False,13.489999999999895,1.32,True,False,852.09,83.28,True
2003-02-01,NIFTYPHARMA,1033.3,1033.3,989.95,995.64,0,0,Saturday,True,-40.95999999999992,-3.95,False,False,852.09,83.28,True
2003-03-01,NIFTYPHARMA,1007.3,1007.3,956.34,973.71,0,0,Saturday,False,-21.92999999999995,-2.2,False,False,852.09,83.28,True
2003-04-01,NIFTYPHARMA,981.07,1029.9,973.64,992.6,0,0,Tuesday,True,18.889999999999986,1.94,True,False,852.09,83.28,True
2003-05-01,NIFTYPHARMA,992.67,1037.8,962.57,1037.8,0,0,Thursday,False,45.19999999999993,4.55,True,False,852.09,83.28,True
2003-06-01,NIFTYPHARMA,1045.0,1201.4,1045.0,1201.4,0,0,Sunday,True,163.60000000000014,15.76,True,False,852.09,83.28,True
2003-07-01,NIFTYPHARMA,1217.7,1303.8,1217.7,1297.8,0,0,Tuesday,False,96.39999999999986,8.02,True,False,852.09,83.28,True
2003-08-01,NIFTYPHARMA,1283.5,1511.7,1264.9,1511.7,0,0,Friday,True,213.9000000000001,16.48,True,False,852.09,83.28,True
2003-09-01,NIFTYPHARMA,1525.2,1586.7,1434.3,1482.9,0,0,Monday,False,-28.799999999999955,-1.91,False,False,852.09,83.28,True
2003-10-01,NIFTYPHARMA,1490.8,1642.2,1490.8,1612.1,0,0,Wednesday,True,129.19999999999982,8.71,True,False,852.09,83.28,True
2003-11-01,NIFTYPHARMA,1652.0,1718.2,1632.4,1708.7,0,0,Saturday,False,96.60000000000014,5.99,True,False,852.09,83.28,True
2003-12-01,NIFTYPHARMA,1746.8,1901.7,1743.6,1875.2,0,0,Monday,True,166.5,9.74,True,False,852.09,83.28,True
2004-01-01,NIFTYPHARMA,1892.8,1915.9,1757.6,1774.5,0,0,Thursday,False,-100.70000000000005,-5.37,False,True,321.39999999999986,17.14,True
2004-02-01,NIFTYPHARMA,1726.4,1825.6,1726.4,1747.5,0,0,Sunday,True,-27.0,-1.52,False,True,321.39999999999986,17.14,True
2004-03-01,NIFTYPHARMA,1714.2,1760.8,1611.5,1676.3,0,0,Monday,False,-71.20000000000005,-4.07,False,True,321.39999999999986,17.14,True
2004-04-01,NIFTYPHARMA,1720.5,1859.7,1720.5,1859.7,0,0,Thursday,True,183.4000000000001,10.94,True,True,321.39999999999986,17.14,True
2004-05-01,NIFTYPHARMA,1842.3,1875.0,1631.2,1702.8,0,0,Saturday,False,-156.9000000000001,-8.44,False,True,321.39999999999986,17.14,True
2004-06-01,NIFTYPHARMA,1741.3,1741.3,1529.1,1594.9,0,0,Tuesday,True,-107.89999999999986,-6.34,False,True,321.39999999999986,17.14,True
2004-07-01,NIFTYPHARMA,1605.9,1674.5,1605.9,1655.6,0,0,Thursday,False,60.69999999999982,3.81,True,True,321.39999999999986,17.14,True
2004-08-01,NIFTYPHARMA,1651.5,1695.0,1625.5,1679.9,0,0,Sunday,True,24.300000000000182,1.47,True,True,321.39999999999986,17.14,True
2004-09-01,NIFTYPHARMA,1682.8,1890.6,1677.6,1890.6,0,0,Wednesday,False,210.69999999999982,12.54,True,True,321.39999999999986,17.14,True
2004-10-01,NIFTYPHARMA,1891.6,1909.6,1837.7,1867.8,0,0,Friday,True,-22.799999999999955,-1.21,False,True,321.39999999999986,17.14,True
2004-11-01,NIFTYPHARMA,1882.4,1949.3,1882.4,1949.3,0,0,Monday,False,81.5,4.36,True,True,321.39999999999986,17.14,True
2004-12-01,NIFTYPHARMA,1952.2,2196.6,1952.2,2196.6,0,0,Wednesday,True,247.29999999999995,12.69,True,True,321.39999999999986,17.14,True
2005-01-01,NIFTYPHARMA,2204.6,2204.6,1837.6,1962.2,0,0,Saturday,False,-234.39999999999986,-10.67,False,False,19.90000000000009,0.91,True
2005-02-01,NIFTYPHARMA,1960.6,1960.6,1885.2,1893.7,0,0,Tuesday,True,-68.5,-3.49,False,False,19.90000000000009,0.91,True
2005-03-01,NIFTYPHARMA,1892.1,1996.5,1846.5,1846.5,0,0,Tuesday,False,-47.200000000000045,-2.49,False,False,19.90000000000009,0.91,True
2005-04-01,NIFTYPHARMA,1870.2,1877.6,1765.7,1775.4,0,0,Friday,True,-71.09999999999991,-3.85,False,False,19.90000000000009,0.91,True
2005-05-01,NIFTYPHARMA,1772.9,1971.2,1772.9,1971.2,0,0,Sunday,False,195.79999999999995,11.03,True,False,19.90000000000009,0.91,True
2005-06-01,NIFTYPHARMA,2002.0,2047.0,1968.8,2032.4,0,0,Wednesday,True,61.200000000000045,3.1,True,False,19.90000000000009,0.91,True
2005-07-01,NIFTYPHARMA,2076.1,2145.9,2076.1,2092.0,0,0,Friday,False,59.59999999999991,2.93,True,False,19.90000000000009,0.91,True
2005-08-01,NIFTYPHARMA,2126.2,2211.3,2082.8,2179.3,0,0,Monday,True,87.30000000000018,4.17,True,False,19.90000000000009,0.91,True
2005-09-01,NIFTYPHARMA,2194.0,2272.4,2158.8,2220.1,0,0,Thursday,False,40.79999999999973,1.87,True,False,19.90000000000009,0.91,True
2005-10-01,NIFTYPHARMA,2245.1,2265.8,1908.2,1941.1,0,0,Saturday,True,-279.0,-12.57,False,False,19.90000000000009,0.91,True
2005-11-01,NIFTYPHARMA,1949.7,2197.9,1949.7,2159.3,0,0,Tuesday,False,218.20000000000027,11.24,True,False,19.90000000000009,0.91,True
2005-12-01,NIFTYPHARMA,2215.3,2257.3,2146.3,2216.5,0,0,Thursday,True,57.19999999999982,2.65,True,False,19.90000000000009,0.91,True
2006-01-01,NIFTYPHARMA,2204.8,2308.6,2204.8,2308.6,0,0,Sunday,False,92.09999999999991,4.16,True,True,553.3299999999999,24.96,True
2006-02-01,NIFTYPHARMA,2311.5,2595.1,2311.5,2543.4,0,0,Wednesday,True,234.80000000000018,10.17,True,True,553.3299999999999,24.96,True
2006-03-01,NIFTYPHARMA,2567.4,2794.42,2567.4,2765.19,0,0,Wednesday,False,221.78999999999996,8.72,True,True,553.3299999999999,24.96,True
2006-04-01,NIFTYPHARMA,2835.1,2967.56,2743.76,2795.24,0,0,Saturday,True,30.049999999999727,1.09,True,True,553.3299999999999,24.96,True
2006-05-01,NIFTYPHARMA,2905.1,2950.05,2438.31,2438.31,0,0,Monday,False,-356.92999999999984,-12.77,False,True,553.3299999999999,24.96,True
2006-06-01,NIFTYPHARMA,2378.52,2433.88,2058.4,2285.92,0,0,Thursday,True,-152.38999999999987,-6.25,False,True,553.3299999999999,24.96,True
2006-07-01,NIFTYPHARMA,2280.93,2365.7,2179.26,2365.7,0,0,Saturday,False,79.77999999999975,3.49,True,True,553.3299999999999,24.96,True
2006-08-01,NIFTYPHARMA,2351.95,2606.74,2351.95,2606.74,0,0,Tuesday,True,241.03999999999996,10.19,True,True,553.3299999999999,24.96,True
2006-09-01,NIFTYPHARMA,2664.34,2691.56,2579.93,2691.56,0,0,Friday,False,84.82000000000016,3.25,True,True,553.3299999999999,24.96,True
2006-10-01,NIFTYPHARMA,2661.62,2705.14,2630.24,2652.66,0,0,Sunday,True,-38.90000000000009,-1.45,False,True,553.3299999999999,24.96,True
2006-11-01,NIFTYPHARMA,2650.28,2785.27,2650.28,2712.36,0,0,Wednesday,False,59.70000000000027,2.25,True,True,553.3299999999999,24.96,True
2006-12-01,NIFTYPHARMA,2752.05,2785.95,2572.62,2769.83,0,0,Friday,True,57.4699999999998,2.12,True,True,553.3299999999999,24.96,True
2007-01-01,NIFTYPHARMA,2781.67,2882.6,2712.7,2774.34,0,0,Monday,False,4.510000000000218,0.16,True,False,403.72000000000025,14.58,True
2007-02-01,NIFTYPHARMA,2785.21,2843.4,2549.39,2549.39,0,0,Thursday,True,-224.95000000000027,-8.11,False,False,403.72000000000025,14.58,True
2007-03-01,NIFTYPHARMA,2576.09,2720.26,2442.99,2720.26,0,0,Thursday,False,170.87000000000035,6.7,True,False,403.72000000000025,14.58,True
2007-04-01,NIFTYPHARMA,2646.25,2903.21,2646.25,2777.83,0,0,Sunday,True,57.56999999999971,2.12,True,False,403.72000000000025,14.58,True
2007-05-01,NIFTYPHARMA,2807.84,2876.78,2735.44,2861.17,0,0,Tuesday,False,83.34000000000015,3.0,True,False,403.72000000000025,14.58,True
2007-06-01,NIFTYPHARMA,2880.16,2880.16,2738.39,2770.53,0,0,Friday,True,-90.63999999999987,-3.17,False,False,403.72000000000025,14.58,True
2007-07-01,NIFTYPHARMA,2808.62,2811.83,2639.98,2674.31,0,0,Sunday,False,-96.22000000000025,-3.47,False,False,403.72000000000025,14.58,True
2007-08-01,NIFTYPHARMA,2587.19,2656.29,2472.41,2605.07,0,0,Wednesday,True,-69.23999999999978,-2.59,False,False,403.72000000000025,14.58,True
2007-09-01,NIFTYPHARMA,2655.06,2772.83,2655.06,2772.83,0,0,Saturday,False,167.75999999999976,6.44,True,False,403.72000000000025,14.58,True
2007-10-01,NIFTYPHARMA,2796.17,2861.88,2703.93,2861.88,0,0,Monday,True,89.05000000000018,3.21,True,False,403.72000000000025,14.58,True
2007-11-01,NIFTYPHARMA,2874.63,2921.13,2781.29,2797.87,0,0,Thursday,False,-64.01000000000022,-2.24,False,False,403.72000000000025,14.58,True
2007-12-01,NIFTYPHARMA,2820.1,3173.55,2820.1,3173.55,0,0,Saturday,True,375.6800000000003,13.43,True,False,403.72000000000025,14.58,True
2008-01-01,NIFTYPHARMA,3167.02,3208.0,2518.02,2660.33,0,0,Tuesday,False,-513.2200000000003,-16.17,False,True,-811.79,-25.58,False
2008-02-01,NIFTYPHARMA,2685.71,2979.48,2631.37,2964.53,0,0,Friday,True,304.2000000000003,11.43,True,True,-811.79,-25.58,False
2008-03-01,NIFTYPHARMA,2979.91,2996.96,2795.07,2928.48,0,0,Saturday,False,-36.05000000000018,-1.22,False,True,-811.79,-25.58,False
2008-04-01,NIFTYPHARMA,2906.34,3303.18,2906.34,3303.18,0,0,Tuesday,True,374.6999999999998,12.8,True,True,-811.79,-25.58,False
2008-05-01,NIFTYPHARMA,3306.73,3361.79,3203.71,3361.79,0,0,Thursday,False,58.61000000000013,1.77,True,True,-811.79,-25.58,False
2008-06-01,NIFTYPHARMA,3356.67,3519.0,3202.21,3235.68,0,0,Sunday,True,-126.11000000000013,-3.75,False,True,-811.79,-25.58,False
2008-07-01,NIFTYPHARMA,3163.53,3263.38,3017.0,3203.18,0,0,Tuesday,False,-32.5,-1.0,False,True,-811.79,-25.58,False
2008-08-01,NIFTYPHARMA,3236.56,3391.55,3236.56,3346.63,0,0,Friday,True,143.45000000000027,4.48,True,True,-811.79,-25.58,False
2008-09-01,NIFTYPHARMA,3364.25,3389.63,2893.86,2910.84,0,0,Monday,False,-435.78999999999996,-13.02,False,True,-811.79,-25.58,False
2008-10-01,NIFTYPHARMA,2925.25,2925.25,2126.66,2201.19,0,0,Wednesday,True,-709.6500000000001,-24.38,False,True,-811.79,-25.58,False
2008-11-01,NIFTYPHARMA,2265.25,2438.12,2211.25,2300.44,0,0,Saturday,False,99.25,4.51,True,True,-811.79,-25.58,False
2008-12-01,NIFTYPHARMA,2272.03,2361.76,2234.0,2361.76,0,0,Monday,True,61.320000000000164,2.67,True,True,-811.79,-25.58,False
2009-01-01,NIFTYPHARMA,2373.36,2381.09,2128.3,2128.3,0,0,Thursday,False,-233.46000000000004,-9.89,False,False,1396.2399999999998,59.12,True
2009-02-01,NIFTYPHARMA,2104.02,2186.93,2037.92,2039.19,0,0,Sunday,True,-89.11000000000013,-4.19,False,False,1396.2399999999998,59.12,True
2009-03-01,NIFTYPHARMA,2030.11,2200.35,1968.69,2200.35,0,0,Sunday,False,161.15999999999985,7.9,True,False,1396.2399999999998,59.12,True
2009-04-01,NIFTYPHARMA,2176.18,2399.94,2176.18,2389.24,0,0,Wednesday,True,188.88999999999987,8.58,True,False,1396.2399999999998,59.12,True
2009-05-01,NIFTYPHARMA,2423.97,2750.6,2393.17,2597.91,0,0,Friday,False,208.67000000000007,8.73,True,False,1396.2399999999998,59.12,True
2009-06-01,NIFTYPHARMA,2582.42,2810.46,2581.59,2618.73,0,0,Monday,True,20.820000000000164,0.8,True,False,1396.2399999999998,59.12,True
2009-07-01,NIFTYPHARMA,2629.31,2906.8,2629.31,2835.4,0,0,Wednesday,False,216.67000000000007,8.27,True,False,1396.2399999999998,59.12,True
2009-08-01,NIFTYPHARMA,2856.7,2922.7,2795.3,2890.2,0,0,Saturday,True,54.79999999999973,1.93,True,False,1396.2399999999998,59.12,True
2009-09-01,NIFTYPHARMA,2852.6,3288.1,2844.8,3288.1,0,0,Tuesday,False,397.9000000000001,13.77,True,False,1396.2399999999998,59.12,True
2009-10-01,NIFTYPHARMA,3252.4,3372.3,3188.7,3266.4,0,0,Thursday,True,-21.699999999999818,-0.66,False,False,1396.2399999999998,59.12,True
2009-11-01,NIFTYPHARMA,3266.0,3574.5,3266.0,3574.5,0,0,Sunday,False,308.0999999999999,9.43,True,False,1396.2399999999998,59.12,True
2009-12-01,NIFTYPHARMA,3681.2,3850.1,3681.2,3758.0,0,0,Tuesday,True,183.5,5.13,True,False,1396.2399999999998,59.12,True
2010-01-01,NIFTYPHARMA,3754.2,3867.2,3481.7,3549.0,0,0,Friday,False,-209.0,-5.56,False,True,1327.3000000000002,35.32,True
2010-02-01,NIFTYPHARMA,3634.2,3693.8,3515.6,3693.8,0,0,Monday,True,144.80000000000018,4.08,True,True,1327.3000000000002,35.32,True
2010-03-01,NIFTYPHARMA,3725.3,4022.4,3725.3,4016.8,0,0,Monday,False,323.0,8.74,True,True,1327.3000000000002,35.32,True
2010-04-01,NIFTYPHARMA,4020.4,4088.9,3938.9,3978.5,0,0,Thursday,True,-38.30000000000018,-0.95,False,True,1327.3000000000002,35.32,True
2010-05-01,NIFTYPHARMA,3983.6,4105.6,3909.0,4105.6,0,0,Saturday,False,127.10000000000036,3.19,True,True,1327.3000000000002,35.32,True
2010-06-01,NIFTYPHARMA,4107.3,4334.6,4064.8,4299.9,0,0,Tuesday,True,194.29999999999927,4.73,True,True,1327.3000000000002,35.32,True
2010-07-01,NIFTYPHARMA,4267.6,4304.6,4148.6,4148.6,0,0,Thursday,False,-151.29999999999927,-3.52,False,True,1327.3000000000002,35.32,True
2010-08-01,NIFTYPHARMA,4168.2,4220.8,4053.7,4125.7,0,0,Sunday,True,-22.900000000000546,-0.55,False,True,1327.3000000000002,35.32,True
2010-09-01,NIFTYPHARMA,4149.5,4504.9,4149.5,4497.2,0,0,Wednesday,False,371.5,9.0,True,True,1327.3000000000002,35.32,True
2010-10-01,NIFTYPHARMA,4578.6,4917.6,4578.6,4838.3,0,0,Friday,True,341.10000000000036,7.58,True,True,1327.3000000000002,35.32,True
2010-11-01,NIFTYPHARMA,4923.9,5074.3,4889.7,4959.6,0,0,Monday,False,121.30000000000018,2.51,True,True,1327.3000000000002,35.32,True
2010-12-01,NIFTYPHARMA,5039.9,5085.3,4865.2,5085.3,0,0,Wednesday,True,125.69999999999982,2.53,True,True,1327.3000000000002,35.32,True
2011-01-01,NIFTYPHARMA,5108.2,5172.9,4593.9,4689.8,0,0,Saturday,False,-395.5,-7.78,False,False,-509.10000000000036,-10.01,False
2011-02-01,NIFTYPHARMA,4705.8,4723.95,4274.25,4331.0,0,0,Tuesday,True,-358.8000000000002,-7.65,False,False,-509.10000000000036,-10.01,False
2011-03-01,NIFTYPHARMA,4334.6,4591.85,4307.3,4535.8,0,0,Tuesday,False,204.80000000000018,4.73,True,False,-509.10000000000036,-10.01,False
2011-04-01,NIFTYPHARMA,4541.5,4701.45,4524.95,4685.5,0,0,Friday,True,149.69999999999982,3.3,True,False,-509.10000000000036,-10.01,False
2011-05-01,NIFTYPHARMA,4711.55,4828.25,4488.8,4822.7,0,0,Sunday,False,137.19999999999982,2.93,True,False,-509.10000000000036,-10.01,False
2011-06-01,NIFTYPHARMA,4810.8,4857.65,4598.4,4817.0,0,0,Wednesday,True,-5.699999999999818,-0.12,False,False,-509.10000000000036,-10.01,False
2011-07-01,NIFTYPHARMA,4838.1,4960.4,4773.2,4848.4,0,0,Friday,False,31.399999999999636,0.65,True,False,-509.10000000000036,-10.01,False
2011-08-01,NIFTYPHARMA,4859.5,4906.75,4366.95,4524.3,0,0,Monday,True,-324.09999999999945,-6.68,False,False,-509.10000000000036,-10.01,False
2011-09-01,NIFTYPHARMA,4596.6,4625.3,4422.65,4520.9,0,0,Thursday,False,-3.4000000000005457,-0.08,False,False,-509.10000000000036,-10.01,False
2011-10-01,NIFTYPHARMA,4498.05,4816.35,4440.25,4735.6,0,0,Saturday,True,214.70000000000073,4.75,True,False,-509.10000000000036,-10.01,False
2011-11-01,NIFTYPHARMA,4702.6,4771.75,4492.8,4710.8,0,0,Tuesday,False,-24.800000000000182,-0.52,False,False,-509.10000000000036,-10.01,False
2011-12-01,NIFTYPHARMA,4772.05,4798.7,4504.9,4576.2,0,0,Thursday,True,-134.60000000000036,-2.86,False,False,-509.10000000000036,-10.01,False
2012-01-01,NIFTYPHARMA,4586.65,4915.3,4542.7,4890.3,0,0,Sunday,False,314.10000000000036,6.86,True,True,1458.8000000000002,31.88,True
2012-02-01,NIFTYPHARMA,4902.6,4976.4,4763.95,4811.7,0,0,Wednesday,True,-78.60000000000036,-1.61,False,True,1458.8000000000002,31.88,True
2012-03-01,NIFTYPHARMA,4817.45,5055.1,4773.9,5036.6,0,0,Thursday,False,224.90000000000055,4.67,True,True,1458.8000000000002,31.88,True
2012-04-01,NIFTYPHARMA,5033.6,5237.85,4942.25,5155.4,0,0,Sunday,True,118.79999999999927,2.36,True,True,1458.8000000000002,31.88,True
2012-05-01,NIFTYPHARMA,5156.8,5219.65,4960.15,5047.6,0,0,Tuesday,False,-107.79999999999927,-2.09,False,True,1458.8000000000002,31.88,True
2012-06-01,NIFTYPHARMA,5040.0,5221.2,4901.45,5216.0,0,0,Friday,True,168.39999999999964,3.34,True,True,1458.8000000000002,31.88,True
2012-07-01,NIFTYPHARMA,5209.95,5425.6,5209.95,5413.8,0,0,Sunday,False,197.80000000000018,3.79,True,True,1458.8000000000002,31.88,True
2012-08-01,NIFTYPHARMA,5468.6,5692.2,5437.4,5648.9,0,0,Wednesday,True,235.09999999999945,4.34,True,True,1458.8000000000002,31.88,True
2012-09-01,NIFTYPHARMA,5652.75,5844.4,5481.4,5623.0,0,0,Saturday,False,-25.899999999999636,-0.46,False,True,1458.8000000000002,31.88,True
2012-10-01,NIFTYPHARMA,5642.8,5703.95,5274.5,5667.0,0,0,Monday,True,44.0,0.78,True,True,1458.8000000000002,31.88,True
2012-11-01,NIFTYPHARMA,5677.1,5881.4,5591.4,5869.7,0,0,Thursday,False,202.69999999999982,3.58,True,True,1458.8000000000002,31.88,True
2012-12-01,NIFTYPHARMA,5873.15,6145.15,5812.95,6035.0,0,0,Saturday,True,165.30000000000018,2.82,True,True,1458.8000000000002,31.88,True
2013-01-01,NIFTYPHARMA,6049.9,6205.9,5846.3,5935.2,0,0,Tuesday,False,-99.80000000000018,-1.65,False,False,1599.8999999999996,26.51,True
2013-02-01,NIFTYPHARMA,5944.45,6005.8,5755.15,5778.2,0,0,Friday,True,-157.0,-2.65,False,False,1599.8999999999996,26.51,True
2013-03-01,NIFTYPHARMA,5770.7,6070.2,5715.3,5953.0,0,0,Friday,False,174.80000000000018,3.03,True,False,1599.8999999999996,26.51,True
2013-04-01,NIFTYPHARMA,5976.05,6577.15,5965.45,6550.1,0,0,Monday,True,597.1000000000004,10.03,True,False,1599.8999999999996,26.51,True
2013-05-01,NIFTYPHARMA,6542.0,6926.45,6542.0,6729.2,0,0,Wednesday,False,179.09999999999945,2.73,True,False,1599.8999999999996,26.51,True
2013-06-01,NIFTYPHARMA,6732.75,6878.45,6432.95,6756.3,0,0,Saturday,True,27.100000000000364,0.4,True,False,1599.8999999999996,26.51,True
2013-07-01,NIFTYPHARMA,6752.2,7345.95,6752.2,7107.8,0,0,Monday,False,351.5,5.2,True,False,1599.8999999999996,26.51,True
2013-08-01,NIFTYPHARMA,7166.2,7193.0,6449.65,6980.5,0,0,Thursday,True,-127.30000000000018,-1.79,False,False,1599.8999999999996,26.51,True
2013-09-01,NIFTYPHARMA,6978.15,7445.2,6836.15,7361.0,0,0,Sunday,False,380.5,5.45,True,False,1599.8999999999996,26.51,True
2013-10-01,NIFTYPHARMA,7367.55,7807.9,7348.35,7495.9,0,0,Tuesday,True,134.89999999999964,1.83,True,False,1599.8999999999996,26.51,True
2013-11-01,NIFTYPHARMA,7481.55,7625.65,7205.25,7351.8,0,0,Friday,False,-144.09999999999945,-1.92,False,False,1599.8999999999996,26.51,True
2013-12-01,NIFTYPHARMA,7363.45,7726.2,7266.9,7634.9,0,0,Sunday,True,283.09999999999945,3.85,True,False,1599.8999999999996,26.51,True
2014-01-01,NIFTYPHARMA,7663.35,7957.35,7569.55,7701.2,0,0,Wednesday,False,66.30000000000018,0.87,True,True,3314.8999999999996,43.42,True
2014-02-01,NIFTYPHARMA,7693.0,8305.4,7681.3,8276.5,0,0,Saturday,True,575.3000000000002,7.47,True,True,3314.8999999999996,43.42,True
2014-03-01,NIFTYPHARMA,8287.0,8305.1,7523.15,7630.4,0,0,Saturday,False,-646.1000000000004,-7.81,False,True,3314.8999999999996,43.42,True
2014-04-01,NIFTYPHARMA,7659.8,8170.75,7625.8,8100.0,0,0,Tuesday,True,469.60000000000036,6.15,True,True,3314.8999999999996,43.42,True
2014-05-01,NIFTYPHARMA,8098.5,8195.9,7357.45,7712.9,0,0,Thursday,False,-387.10000000000036,-4.78,False,True,3314.8999999999996,43.42,True
2014-06-01,NIFTYPHARMA,7745.4,8547.65,7534.6,8535.7,0,0,Sunday,True,822.8000000000011,10.67,True,True,3314.8999999999996,43.42,True
2014-07-01,NIFTYPHARMA,8541.55,9364.05,8488.15,9342.9,0,0,Tuesday,False,807.1999999999989,9.46,True,True,3314.8999999999996,43.42,True
2014-08-01,NIFTYPHARMA,9265.85,10203.55,8997.15,10082.3,0,0,Friday,True,739.3999999999996,7.91,True,True,3314.8999999999996,43.42,True
2014-09-01,NIFTYPHARMA,10121.85,10882.7,10059.45,10847.15,0,0,Monday,False,764.8500000000004,7.59,True,True,3314.8999999999996,43.42,True
2014-10-01,NIFTYPHARMA,10860.2,10919.85,10053.7,10874.75,0,0,Wednesday,True,27.600000000000364,0.25,True,True,3314.8999999999996,43.42,True
2014-11-01,NIFTYPHARMA,10903.0,11487.7,10809.85,11254.75,0,0,Saturday,False,380.0,3.49,True,True,3314.8999999999996,43.42,True
2014-12-01,NIFTYPHARMA,11306.5,11383.55,10355.8,10949.8,0,0,Monday,True,-304.9500000000007,-2.71,False,True,3314.8999999999996,43.42,True
2015-01-01,NIFTYPHARMA,10957.1,11805.7,10525.65,11693.55,0,0,Thursday,False,743.75,6.79,True,False,1013.7000000000007,9.26,True
2015-02-01,NIFTYPHARMA,11686.15,11861.1,11197.65,11798.65,0,0,Sunday,True,105.10000000000036,0.9,True,False,1013.7000000000007,9.26,True
2015-03-01,NIFTYPHARMA,11826.25,13051.85,11787.55,12844.8,0,0,Sunday,False,1046.1499999999996,8.87,True,False,1013.7000000000007,9.26,True
2015-04-01,NIFTYPHARMA,12881.3,14020.7,11772.7,12057.8,0,0,Wednesday,True,-787.0,-6.13,False,False,1013.7000000000007,9.26,True
2015-05-01,NIFTYPHARMA,12149.3,12729.65,11777.65,12511.75,0,0,Friday,False,453.9500000000007,3.76,True,False,1013.7000000000007,9.26,True
2015-06-01,NIFTYPHARMA,12184.7,12226.75,11233.95,12202.55,0,0,Monday,True,-309.2000000000007,-2.47,False,False,1013.7000000000007,9.26,True
2015-07-01,NIFTYPHARMA,12263.35,13201.25,11872.6,12353.25,0,0,Wednesday,False,150.70000000000073,1.23,True,False,1013.7000000000007,9.26,True
2015-08-01,NIFTYPHARMA,12371.4,13753.5,12149.9,13213.2,0,0,Saturday,True,859.9500000000007,6.96,True,False,1013.7000000000007,9.26,True
2015-09-01,NIFTYPHARMA,13094.45,13252.0,11933.55,12918.75,0,0,Tuesday,False,-294.4500000000007,-2.23,False,False,1013.7000000000007,9.26,True
2015-10-01,NIFTYPHARMA,13050.15,13490.6,13026.9,13170.15,0,0,Thursday,True,251.39999999999964,1.95,True,False,1013.7000000000007,9.26,True
2015-11-01,NIFTYPHARMA,13094.4,13155.2,11483.1,11492.9,0,0,Sunday,False,-1677.25,-12.74,False,False,1013.7000000000007,9.26,True
2015-12-01,NIFTYPHARMA,11542.8,12091.5,11202.15,11963.5,0,0,Tuesday,True,470.60000000000036,4.09,True,False,1013.7000000000007,9.26,True
2016-01-01,NIFTYPHARMA,11934.6,12010.9,10825.5,11755.85,0,0,Friday,False,-207.64999999999964,-1.74,False,True,-1696.5,-14.18,False
2016-02-01,NIFTYPHARMA,11837.25,11856.6,10810.15,11167.7,0,0,Monday,True,-588.1499999999996,-5.0,False,True,-1696.5,-14.18,False
2016-03-01,NIFTYPHARMA,11224.75,11781.4,10353.9,10989.15,0,0,Tuesday,False,-178.5500000000011,-1.6,False,True,-1696.5,-14.18,False
2016-04-01,NIFTYPHARMA,10966.2,11362.85,10814.65,11293.25,0,0,Friday,True,304.10000000000036,2.77,True,True,-1696.5,-14.18,False
2016-05-01,NIFTYPHARMA,11313.05,11341.65,10819.9,10995.45,0,0,Sunday,False,-297.7999999999993,-2.64,False,True,-1696.5,-14.18,False
2016-06-01,NIFTYPHARMA,11031.1,11203.1,10499.0,11142.0,0,0,Wednesday,True,146.54999999999927,1.33,True,True,-1696.5,-14.18,False
2016-07-01,NIFTYPHARMA,11215.85,12011.8,11213.05,11697.0,0,0,Friday,False,555.0,4.98,True,True,-1696.5,-14.18,False
2016-08-01,NIFTYPHARMA,11772.35,11800.8,11200.7,11489.0,0,0,Monday,True,-208.0,-1.78,False,True,-1696.5,-14.18,False
2016-09-01,NIFTYPHARMA,11486.75,12042.7,11268.7,11461.0,0,0,Thursday,False,-28.0,-0.24,False,True,-1696.5,-14.18,False
2016-10-01,NIFTYPHARMA,11528.95,11748.2,11261.9,11636.0,0,0,Saturday,True,175.0,1.53,True,True,-1696.5,-14.18,False
2016-11-01,NIFTYPHARMA,11666.4,11705.2,9777.25,11080.0,0,0,Tuesday,False,-556.0,-4.78,False,True,-1696.5,-14.18,False
2016-12-01,NIFTYPHARMA,11103.25,11215.45,9870.05,10267.0,0,0,Thursday,True,-813.0,-7.34,False,True,-1696.5,-14.18,False
2017-01-01,NIFTYPHARMA,10301.85,10559.55,10195.45,10236.0,0,0,Sunday,False,-31.0,-0.3,False,False,-646.8999999999996,-6.3,False
2017-02-01,NIFTYPHARMA,10222.85,10806.8,10065.65,10585.0,0,0,Wednesday,True,349.0,3.41,True,False,-646.8999999999996,-6.3,False
2017-03-01,NIFTYPHARMA,10619.85,10783.9,10373.3,10411.0,0,0,Wednesday,False,-174.0,-1.64,False,False,-646.8999999999996,-6.3,False
2017-04-01,NIFTYPHARMA,10439.6,10577.4,10075.05,10120.0,0,0,Saturday,True,-291.0,-2.8,False,False,-646.8999999999996,-6.3,False
2017-05-01,NIFTYPHARMA,10132.05,10301.25,8634.9,9025.2,0,0,Monday,False,-1094.7999999999993,-10.82,False,False,-646.8999999999996,-6.3,False
2017-06-01,NIFTYPHARMA,9044.45,9764.6,9039.05,9606.4,0,0,Thursday,True,581.1999999999989,6.44,True,False,-646.8999999999996,-6.3,False
2017-07-01,NIFTYPHARMA,9637.6,10259.65,9456.7,9476.4,0,0,Saturday,False,-130.0,-1.35,False,False,-646.8999999999996,-6.3,False
2017-08-01,NIFTYPHARMA,9488.9,9602.25,8314.5,8859.6,0,0,Tuesday,True,-616.7999999999993,-6.51,False,False,-646.8999999999996,-6.3,False
2017-09-01,NIFTYPHARMA,8936.85,9709.2,8787.65,9172.6,0,0,Friday,False,313.0,3.53,True,False,-646.8999999999996,-6.3,False
2017-10-01,NIFTYPHARMA,9308.95,9852.6,9196.15,9756.0,0,0,Sunday,True,583.3999999999996,6.36,True,False,-646.8999999999996,-6.3,False
2017-11-01,NIFTYPHARMA,9750.05,10062.5,8990.15,9238.7,0,0,Wednesday,False,-517.2999999999993,-5.3,False,False,-646.8999999999996,-6.3,False
2017-12-01,NIFTYPHARMA,9280.55,9732.9,8921.3,9620.1,0,0,Friday,True,381.39999999999964,4.13,True,False,-646.8999999999996,-6.3,False
2018-01-01,NIFTYPHARMA,9627.4,9939.05,9329.2,9384.75,0,0,Monday,False,-235.35000000000036,-2.45,False,True,-751.3999999999996,-7.81,False
2018-02-01,NIFTYPHARMA,9391.5,9453.75,8729.1,8960.25,0,0,Thursday,True,-424.5,-4.52,False,True,-751.3999999999996,-7.81,False
2018-03-01,NIFTYPHARMA,8966.4,9003.9,8280.45,8358.05,0,0,Thursday,False,-602.2000000000007,-6.72,False,True,-751.3999999999996,-7.81,False
2018-04-01,NIFTYPHARMA,8424.4,9092.7,8385.3,9060.7,0,0,Sunday,True,702.6500000000015,8.41,True,True,-751.3999999999996,-7.81,False
2018-05-01,NIFTYPHARMA,9086.95,9110.55,7900.35,8220.25,0,0,Tuesday,False,-840.4500000000007,-9.28,False,True,-751.3999999999996,-7.81,False
2018-06-01,NIFTYPHARMA,8248.7,9469.9,8019.3,9173.15,0,0,Friday,True,952.8999999999996,11.59,True,True,-751.3999999999996,-7.81,False
2018-07-01,NIFTYPHARMA,9198.9,9462.4,8724.65,9179.4,0,0,Sunday,False,6.25,0.07,True,True,-751.3999999999996,-7.81,False
2018-08-01,NIFTYPHARMA,9190.45,10445.05,9094.25,10390.95,0,0,Wednesday,True,1211.550000000001,13.2,True,True,-751.3999999999996,-7.81,False
2018-09-01,NIFTYPHARMA,10463.4,10786.35,9861.35,9972.45,0,0,Saturday,False,-418.5,-4.03,False,True,-751.3999999999996,-7.81,False
2018-10-01,NIFTYPHARMA,9987.4,10142.55,9021.2,9757.5,0,0,Monday,True,-214.95000000000073,-2.16,False,True,-751.3999999999996,-7.81,False
2018-11-01,NIFTYPHARMA,9765.9,9801.95,8965.85,9275.7,0,0,Thursday,False,-481.7999999999993,-4.94,False,True,-751.3999999999996,-7.81,False
2018-12-01,NIFTYPHARMA,9108.05,9157.6,8417.65,8868.7,0,0,Saturday,True,-407.0,-4.39,False,True,-751.3999999999996,-7.81,False
2019-01-01,NIFTYPHARMA,8890.55,9097.55,8562.35,8825.35,0,0,Tuesday,False,-43.350000000000364,-0.49,False,False,-828.5500000000011,-9.34,False
2019-02-01,NIFTYPHARMA,8810.65,9088.55,8252.1,8884.85,0,0,Friday,True,59.5,0.67,True,False,-828.5500000000011,-9.34,False
2019-03-01,NIFTYPHARMA,8909.0,9366.65,8882.2,9346.55,0,0,Friday,False,461.6999999999989,5.2,True,False,-828.5500000000011,-9.34,False
2019-04-01,NIFTYPHARMA,9367.6,9578.4,9163.5,9402.5,0,0,Monday,True,55.95000000000073,0.6,True,False,-828.5500000000011,-9.34,False
2019-05-01,NIFTYPHARMA,9379.15,9419.7,8244.65,8455.1,0,0,Wednesday,False,-947.3999999999996,-10.08,False,False,-828.5500000000011,-9.34,False
2019-06-01,NIFTYPHARMA,8459.85,8602.05,7737.0,8065.15,0,0,Saturday,True,-389.9500000000007,-4.61,False,False,-828.5500000000011,-9.34,False
2019-07-01,NIFTYPHARMA,8085.4,8363.75,7791.1,7987.5,0,0,Monday,False,-77.64999999999964,-0.96,False,False,-828.5500000000011,-9.34,False
2019-08-01,NIFTYPHARMA,7945.05,8112.55,7550.55,8072.05,0,0,Thursday,True,84.55000000000018,1.06,True,False,-828.5500000000011,-9.34,False
2019-09-01,NIFTYPHARMA,8032.9,8168.5,7509.1,7547.75,0,0,Sunday,False,-524.3000000000002,-6.5,False,False,-828.5500000000011,-9.34,False
2019-10-01,NIFTYPHARMA,7552.35,7923.5,7047.1,7878.15,0,0,Tuesday,True,330.39999999999964,4.38,True,False,-828.5500000000011,-9.34,False
2019-11-01,NIFTYPHARMA,7902.75,8320.25,7553.05,8189.95,0,0,Friday,False,311.8000000000002,3.96,True,False,-828.5500000000011,-9.34,False
2019-12-01,NIFTYPHARMA,8195.45,8198.95,7909.9,8040.15,0,0,Sunday,True,-149.80000000000018,-1.83,False,False,-828.5500000000011,-9.34,False
2020-01-01,NIFTYPHARMA,8060.3,8513.15,7943.15,8138.6,0,0,Wednesday,False,98.45000000000073,1.22,True,True,4875.75,60.64,True
2020-02-01,NIFTYPHARMA,8129.3,8473.8,7559.0,7576.75,0,0,Saturday,True,-561.8500000000004,-6.9,False,True,4875.75,60.64,True
2020-03-01,NIFTYPHARMA,7675.55,8281.7,6242.85,7176.5,0,0,Sunday,False,-400.25,-5.28,False,True,4875.75,60.64,True
2020-04-01,NIFTYPHARMA,7206.2,9753.5,6956.2,9327.1,0,0,Wednesday,True,2150.6000000000004,29.97,True,True,4875.75,60.64,True
2020-05-01,NIFTYPHARMA,9181.6,9812.9,8999.85,9768.6,0,0,Friday,False,441.5,4.73,True,True,4875.75,60.64,True
2020-06-01,NIFTYPHARMA,9844.2,10404.35,9677.95,9985.15,0,0,Monday,True,216.54999999999927,2.22,True,True,4875.75,60.64,True
2020-07-01,NIFTYPHARMA,10004.65,11194.45,9832.65,11148.9,0,0,Wednesday,False,1163.75,11.65,True,True,4875.75,60.64,True
2020-08-01,NIFTYPHARMA,11176.3,12045.3,11005.9,11079.8,0,0,Saturday,True,-69.10000000000036,-0.62,False,True,4875.75,60.64,True
2020-09-01,NIFTYPHARMA,11103.65,12528.85,11006.8,11772.85,0,0,Tuesday,False,693.0500000000011,6.26,True,True,4875.75,60.64,True
2020-10-01,NIFTYPHARMA,11869.1,12343.7,11135.15,11243.75,0,0,Thursday,True,-529.1000000000004,-4.49,False,True,4875.75,60.64,True
2020-11-01,NIFTYPHARMA,11256.25,12012.45,11096.25,11839.15,0,0,Sunday,False,595.3999999999996,5.3,True,True,4875.75,60.64,True
2020-12-01,NIFTYPHARMA,12021.0,13006.2,11875.6,12915.9,0,0,Tuesday,True,1076.75,9.09,True,True,4875.75,60.64,True
2021-01-01,NIFTYPHARMA,12933.1,13476.8,12101.45,12170.25,0,0,Friday,False,-745.6499999999996,-5.77,False,False,1307.1000000000004,10.12,True
2021-02-01,NIFTYPHARMA,12212.2,13118.7,11860.7,11927.9,0,0,Monday,True,-242.35000000000036,-1.99,False,False,1307.1000000000004,10.12,True
2021-03-01,NIFTYPHARMA,12007.2,12447.3,11280.8,12272.6,0,0,Monday,False,344.7000000000007,2.89,True,False,1307.1000000000004,10.12,True
2021-04-01,NIFTYPHARMA,12319.0,13633.4,12129.25,13469.25,0,0,Thursday,True,1196.6499999999996,9.75,True,False,1307.1000000000004,10.12,True
2021-05-01,NIFTYPHARMA,13502.65,14282.9,13200.7,14051.75,0,0,Saturday,False,582.5,4.32,True,False,1307.1000000000004,10.12,True
2021-06-01,NIFTYPHARMA,14086.05,14530.95,13855.1,14308.9,0,0,Tuesday,True,257.14999999999964,1.83,True,False,1307.1000000000004,10.12,True
2021-07-01,NIFTYPHARMA,14327.4,14715.15,13794.9,14425.3,0,0,Thursday,False,116.39999999999964,0.81,True,False,1307.1000000000004,10.12,True
2021-08-01,NIFTYPHARMA,14516.0,14743.3,13578.9,14344.75,0,0,Sunday,True,-80.54999999999927,-0.56,False,False,1307.1000000000004,10.12,True
2021-09-01,NIFTYPHARMA,14375.9,14604.7,13956.15,14466.5,0,0,Wednesday,False,121.75,0.85,True,False,1307.1000000000004,10.12,True
2021-10-01,NIFTYPHARMA,14424.3,14938.25,13587.25,13879.35,0,0,Friday,True,-587.1499999999996,-4.06,False,False,1307.1000000000004,10.12,True
2021-11-01,NIFTYPHARMA,13952.1,14098.45,13152.55,13662.8,0,0,Monday,False,-216.5500000000011,-1.56,False,False,1307.1000000000004,10.12,True
2021-12-01,NIFTYPHARMA,13721.25,14254.1,13005.2,14223.0,0,0,Wednesday,True,560.2000000000007,4.1,True,False,1307.1000000000004,10.12,True
2022-01-01,NIFTYPHARMA,14247.65,14280.0,12767.4,13179.9,0,0,Saturday,False,-1043.1000000000004,-7.33,False,True,-1625.3999999999996,-11.43,False
2022-02-01,NIFTYPHARMA,13280.05,13688.55,12467.9,12927.6,0,0,Tuesday,True,-252.29999999999927,-1.91,False,True,-1625.3999999999996,-11.43,False
2022-03-01,NIFTYPHARMA,12841.25,13840.9,12290.9,13584.1,0,0,Tuesday,False,656.5,5.08,True,True,-1625.3999999999996,-11.43,False
2022-04-01,NIFTYPHARMA,13609.9,13972.45,13258.8,13462.85,0,0,Friday,True,-121.25,-0.89,False,True,-1625.3999999999996,-11.43,False
2022-05-01,NIFTYPHARMA,13397.3,13510.7,12299.2,12604.45,0,0,Sunday,False,-858.3999999999996,-6.38,False,True,-1625.3999999999996,-11.43,False
2022-06-01,NIFTYPHARMA,12665.85,12665.85,11726.4,12159.35,0,0,Wednesday,True,-445.10000000000036,-3.53,False,True,-1625.3999999999996,-11.43,False
2022-07-01,NIFTYPHARMA,12124.45,12869.4,12084.0,12776.55,0,0,Friday,False,617.1999999999989,5.08,True,True,-1625.3999999999996,-11.43,False
2022-08-01,NIFTYPHARMA,12835.4,13068.3,12352.65,12699.4,0,0,Monday,True,-77.14999999999964,-0.6,False,True,-1625.3999999999996,-11.43,False
2022-09-01,NIFTYPHARMA,12619.3,12998.3,12185.4,12971.9,0,0,Thursday,False,272.5,2.15,True,True,-1625.3999999999996,-11.43,False
2022-10-01,NIFTYPHARMA,12981.5,13310.75,12742.9,13212.25,0,0,Saturday,True,240.35000000000036,1.85,True,True,-1625.3999999999996,-11.43,False
2022-11-01,NIFTYPHARMA,13254.05,13736.05,12754.55,13144.2,0,0,Tuesday,False,-68.04999999999927,-0.52,False,True,-1625.3999999999996,-11.43,False
2022-12-01,NIFTYPHARMA,13215.55,13215.55,12528.75,12597.6,0,0,Thursday,True,-546.6000000000004,-4.16,False,True,-1625.3999999999996,-11.43,False
2023-01-01,NIFTYPHARMA,12618.75,12828.55,12335.25,12360.25,0,0,Sunday,False,-237.35000000000036,-1.88,False,False,16.350000000000364,0.13,True
2023-02-01,NIFTYPHARMA,12397.7,12473.45,11731.5,11747.1,0,0,Wednesday,True,-613.1499999999996,-4.96,False,False,16.350000000000364,0.13,True
2023-03-01,NIFTYPHARMA,11737.15,12062.2,11542.45,12017.05,0,0,Wednesday,False,269.9499999999989,2.3,True,False,16.350000000000364,0.13,True
2023-04-01,NIFTYPHARMA,12071.95,12688.35,12001.5,12613.95,0,0,Saturday,True,596.9000000000015,4.97,True,False,16.350000000000364,0.13,True
