Date,Ticker,Open,High,Low,Close,Volume,OpenInterest,Weekday,CalenderMonthDay,CalenderYearDay,TradingMonthDay,TradingYearDay,EvenCalenderMonthDay,EvenCalenderYearDay,EvenTradingMonthDay,EvenTradingYearDay,ReturnPoints,ReturnPercentage,PositiveDay,MondayWeeklyDate,MondayWeekNumberMonthly,MondayWeekNumberYearly,EvenMondayWeekNumberMonthly,EvenMondayWeekNumberYearly,MondayWeeklyReturnPoints,MondayWeeklyReturnPercentage,PositiveMondayWeek,ExpiryWeeklyDate,ExpiryWeekNumberMonthly,ExpiryWeekNumberYearly,EvenExpiryWeekNumberMonthly,EvenExpiryWeekNumberYearly,ExpiryWeeklyReturnPoints,ExpiryWeeklyReturnPercentage,PositiveExpiryWeek,EvenMonth,MonthlyReturnPoints,MonthlyReturnPercentage,PositiveMonth,EvenYear,YearlyReturnPoints,YearlyReturnPercentage,PositiveYear
2022-04-12,LTIM,6000.0,6019.85,5801.0,5910.55,450430,0,Tuesday,12,102,,,True,True,False,False,,,False,2022-04-11,,,,,,,False,2022-04-14,,,,,,,False,True,,,False,True,,,False
2022-04-13,LTIM,5915.0,6088.0,5851.0,6038.8,310273,0,Wednesday,13,103,,,False,False,False,False,128.25,2.17,True,2022-04-11,,,,,,,False,2022-04-14,,,,,,,False,True,,,False,True,,,False
2022-04-18,LTIM,5901.0,6069.35,5801.2,5873.65,744191,0,Monday,18,108,,,True,True,False,False,-165.15000000000055,-2.73,False,2022-04-18,,,,,-944.9499999999998,-15.65,False,2022-04-21,,,,,-961.8500000000004,-15.93,False,True,,,False,True,,,False
2022-04-19,LTIM,5899.0,5923.6,5365.4,5472.35,1130004,0,Tuesday,19,109,,,False,False,False,False,-401.2999999999993,-6.83,False,2022-04-18,,,,,-944.9499999999998,-15.65,False,2022-04-21,,,,,-961.8500000000004,-15.93,False,True,,,False,True,,,False
2022-04-20,LTIM,5454.0,5459.95,5100.0,5170.3,1681039,0,Wednesday,20,110,,,True,True,False,False,-302.0500000000002,-5.52,False,2022-04-18,,,,,-944.9499999999998,-15.65,False,2022-04-21,,,,,-961.8500000000004,-15.93,False,True,,,False,True,,,False
2022-04-21,LTIM,5249.9,5249.95,4991.2,5076.95,2007738,0,Thursday,21,111,,,False,False,False,False,-93.35000000000036,-1.81,False,2022-04-18,,,,,-944.9499999999998,-15.65,False,2022-04-21,,,,,-961.8500000000004,-15.93,False,True,,,False,True,,,False
2022-04-22,LTIM,5054.0,5194.0,5002.0,5093.85,691316,0,Friday,22,112,,,True,True,False,False,16.900000000000546,0.33,True,2022-04-18,,,,,-944.9499999999998,-15.65,False,2022-04-28,,,,,-190.89999999999964,-3.76,False,True,,,False,True,,,False
2022-04-25,LTIM,5080.0,5080.0,4835.0,4856.05,739432,0,Monday,25,115,,,False,False,False,False,-237.80000000000018,-4.67,False,2022-04-25,,,,,-254.80000000000018,-5.0,False,2022-04-28,,,,,-190.89999999999964,-3.76,False,True,,,False,True,,,False
2022-04-26,LTIM,4918.0,4930.15,4780.8,4817.1,718852,0,Tuesday,26,116,,,True,True,False,False,-38.94999999999982,-0.8,False,2022-04-25,,,,,-254.80000000000018,-5.0,False,2022-04-28,,,,,-190.89999999999964,-3.76,False,True,,,False,True,,,False
2022-04-27,LTIM,4779.6,4855.0,4713.1,4816.95,564255,0,Wednesday,27,117,,,False,False,False,False,-0.1500000000005457,-0.0,False,2022-04-25,,,,,-254.80000000000018,-5.0,False,2022-04-28,,,,,-190.89999999999964,-3.76,False,True,,,False,True,,,False
2022-04-28,LTIM,4888.0,4974.0,4785.0,4886.05,517809,0,Thursday,28,118,,,True,True,False,False,69.10000000000036,1.43,True,2022-04-25,,,,,-254.80000000000018,-5.0,False,2022-04-28,,,,,-190.89999999999964,-3.76,False,True,,,False,True,,,False
2022-04-29,LTIM,4935.0,4955.0,4822.6,4839.05,390073,0,Friday,29,119,,,False,False,False,False,-47.0,-0.96,False,2022-04-25,,,,,-254.80000000000018,-5.0,False,2022-05-05,1,,False,,-120.85000000000036,-2.47,False,True,,,False,True,,,False
2022-05-02,LTIM,4800.0,4800.0,4670.0,4716.65,414490,0,Monday,2,122,1,,True,True,False,False,-122.40000000000055,-2.53,False,2022-05-02,1,,False,,-246.05000000000018,-5.08,False,2022-05-05,1,,False,,-120.85000000000036,-2.47,False,False,-585.3500000000004,-12.1,False,True,,,False
2022-05-04,LTIM,4750.0,4811.05,4680.0,4738.15,415254,0,Wednesday,4,124,2,,True,True,True,False,21.5,0.46,True,2022-05-02,1,,False,,-246.05000000000018,-5.08,False,2022-05-05,1,,False,,-120.85000000000036,-2.47,False,False,-585.3500000000004,-12.1,False,True,,,False
2022-05-05,LTIM,4800.0,4823.95,4746.0,4765.2,240462,0,Thursday,5,125,3,,False,False,False,False,27.050000000000182,0.57,True,2022-05-02,1,,False,,-246.05000000000018,-5.08,False,2022-05-05,1,,False,,-120.85000000000036,-2.47,False,False,-585.3500000000004,-12.1,False,True,,,False
2022-05-06,LTIM,4680.0,4704.05,4486.0,4593.0,682606,0,Friday,6,126,4,,True,True,True,False,-172.19999999999982,-3.61,False,2022-05-02,1,,False,,-246.05000000000018,-5.08,False,2022-05-12,2,,True,,-604.25,-12.68,False,False,-585.3500000000004,-12.1,False,True,,,False
2022-05-09,LTIM,4549.0,4746.9,4413.0,4448.9,1042480,0,Monday,9,129,5,,False,False,False,False,-144.10000000000036,-3.14,False,2022-05-09,2,,True,,-482.3000000000002,-10.5,False,2022-05-12,2,,True,,-604.25,-12.68,False,False,-585.3500000000004,-12.1,False,True,,,False
2022-05-10,LTIM,4480.0,4491.5,4318.0,4332.15,590200,0,Tuesday,10,130,6,,True,True,True,False,-116.75,-2.62,False,2022-05-09,2,,True,,-482.3000000000002,-10.5,False,2022-05-12,2,,True,,-604.25,-12.68,False,False,-585.3500000000004,-12.1,False,True,,,False
2022-05-11,LTIM,4332.15,4390.0,4105.7,4250.75,717491,0,Wednesday,11,131,7,,False,False,False,False,-81.39999999999964,-1.88,False,2022-05-09,2,,True,,-482.3000000000002,-10.5,False,2022-05-12,2,,True,,-604.25,-12.68,False,False,-585.3500000000004,-12.1,False,True,,,False
2022-05-12,LTIM,4188.0,4310.0,4082.0,4160.95,655789,0,Thursday,12,132,8,,True,True,True,False,-89.80000000000018,-2.11,False,2022-05-09,2,,True,,-482.3000000000002,-10.5,False,2022-05-12,2,,True,,-604.25,-12.68,False,False,-585.3500000000004,-12.1,False,True,,,False
2022-05-13,LTIM,4225.0,4277.75,4088.15,4110.7,574894,0,Friday,13,133,9,,False,False,False,False,-50.25,-1.21,False,2022-05-09,2,,True,,-482.3000000000002,-10.5,False,2022-05-19,3,,False,,-169.0999999999999,-4.06,False,False,-585.3500000000004,-12.1,False,True,,,False
2022-05-16,LTIM,4125.0,4174.25,4054.2,4094.8,488253,0,Monday,16,136,10,,True,True,True,False,-15.899999999999636,-0.39,False,2022-05-16,3,,False,,-67.19999999999982,-1.63,False,2022-05-19,3,,False,,-169.0999999999999,-4.06,False,False,-585.3500000000004,-12.1,False,True,,,False
2022-05-17,LTIM,4105.0,4300.6,4100.0,4281.85,792352,0,Tuesday,17,137,11,,False,False,False,False,187.05000000000018,4.57,True,2022-05-16,3,,False,,-67.19999999999982,-1.63,False,2022-05-19,3,,False,,-169.0999999999999,-4.06,False,False,-585.3500000000004,-12.1,False,True,,,False
2022-05-18,LTIM,4325.0,4419.7,4174.55,4214.0,935441,0,Wednesday,18,138,12,,True,True,True,False,-67.85000000000036,-1.58,False,2022-05-16,3,,False,,-67.19999999999982,-1.63,False,2022-05-19,3,,False,,-169.0999999999999,-4.06,False,False,-585.3500000000004,-12.1,False,True,,,False
2022-05-19,LTIM,4090.0,4116.8,3960.0,3991.85,776622,0,Thursday,19,139,13,,False,False,False,False,-222.1500000000001,-5.27,False,2022-05-16,3,,False,,-67.19999999999982,-1.63,False,2022-05-19,3,,False,,-169.0999999999999,-4.06,False,False,-585.3500000000004,-12.1,False,True,,,False
2022-05-20,LTIM,4080.0,4085.0,3983.25,4043.5,494449,0,Friday,20,140,14,,True,True,True,False,51.65000000000009,1.29,True,2022-05-16,3,,False,,-67.19999999999982,-1.63,False,2022-05-26,4,,True,,-117.59999999999991,-2.95,False,False,-585.3500000000004,-12.1,False,True,,,False
2022-05-23,LTIM,4052.0,4170.1,4010.85,4147.15,437040,0,Monday,23,143,15,,False,False,False,False,103.64999999999964,2.56,True,2022-05-23,4,,True,,-45.5,-1.13,False,2022-05-26,4,,True,,-117.59999999999991,-2.95,False,False,-585.3500000000004,-12.1,False,True,,,False
2022-05-24,LTIM,4160.0,4183.95,3988.3,4010.15,491561,0,Tuesday,24,144,16,,True,True,True,False,-136.99999999999955,-3.3,False,2022-05-23,4,,True,,-45.5,-1.13,False,2022-05-26,4,,True,,-117.59999999999991,-2.95,False,False,-585.3500000000004,-12.1,False,True,,,False
2022-05-25,LTIM,4000.0,4004.3,3805.0,3823.7,717220,0,Wednesday,25,145,17,,False,False,False,False,-186.45000000000027,-4.65,False,2022-05-23,4,,True,,-45.5,-1.13,False,2022-05-26,4,,True,,-117.59999999999991,-2.95,False,False,-585.3500000000004,-12.1,False,True,,,False
2022-05-26,LTIM,3850.0,3901.95,3733.3,3874.25,480870,0,Thursday,26,146,18,,True,True,True,False,50.55000000000018,1.32,True,2022-05-23,4,,True,,-45.5,-1.13,False,2022-05-26,4,,True,,-117.59999999999991,-2.95,False,False,-585.3500000000004,-12.1,False,True,,,False
2022-05-27,LTIM,3950.0,4007.7,3892.05,3998.0,461722,0,Friday,27,147,19,,False,False,False,False,123.75,3.19,True,2022-05-23,4,,True,,-45.5,-1.13,False,2022-06-02,1,,False,,459.35000000000036,11.86,True,False,-585.3500000000004,-12.1,False,True,,,False
2022-05-30,LTIM,4080.0,4215.0,4051.05,4191.1,586924,0,Monday,30,150,20,,True,True,True,False,193.10000000000036,4.83,True,2022-05-30,5,,False,,337.0500000000002,8.43,True,2022-06-02,1,,False,,459.35000000000036,11.86,True,False,-585.3500000000004,-12.1,False,True,,,False
2022-05-31,LTIM,4209.8,4278.0,4138.45,4253.7,687879,0,Tuesday,31,151,21,,False,False,False,False,62.599999999999454,1.49,True,2022-05-30,5,,False,,337.0500000000002,8.43,True,2022-06-02,1,,False,,459.35000000000036,11.86,True,False,-585.3500000000004,-12.1,False,True,,,False
2022-06-01,LTIM,4274.85,4297.5,4180.0,4203.3,540298,0,Wednesday,1,152,1,,False,True,False,False,-50.399999999999636,-1.18,False,2022-05-30,5,,False,,337.0500000000002,8.43,True,2022-06-02,1,,False,,459.35000000000036,11.86,True,True,-278.25,-6.54,False,True,,,False
2022-06-02,LTIM,4178.0,4350.6,4169.9,4333.6,662287,0,Thursday,2,153,2,,True,False,True,False,130.30000000000018,3.1,True,2022-05-30,5,,False,,337.0500000000002,8.43,True,2022-06-02,1,,False,,459.35000000000036,11.86,True,True,-278.25,-6.54,False,True,,,False
2022-06-03,LTIM,4380.0,4455.0,4315.5,4335.05,634553,0,Friday,3,154,3,,False,True,False,False,1.449999999999818,0.03,True,2022-05-30,5,,False,,337.0500000000002,8.43,True,2022-06-09,2,,True,,37.099999999999454,0.86,True,True,-278.25,-6.54,False,True,,,False
2022-06-06,LTIM,4318.7,4354.05,4216.0,4335.1,322336,0,Monday,6,157,4,,True,False,True,False,0.0500000000001819,0.0,True,2022-06-06,1,,False,,-3.600000000000364,-0.08,False,2022-06-09,2,,True,,37.099999999999454,0.86,True,True,-278.25,-6.54,False,True,,,False
2022-06-07,LTIM,4300.0,4327.9,4230.0,4266.7,218604,0,Tuesday,7,158,5,,False,True,False,False,-68.40000000000055,-1.58,False,2022-06-06,1,,False,,-3.600000000000364,-0.08,False,2022-06-09,2,,True,,37.099999999999454,0.86,True,True,-278.25,-6.54,False,True,,,False
2022-06-08,LTIM,4289.0,4336.8,4232.0,4315.1,266121,0,Wednesday,8,159,6,,True,False,True,False,48.400000000000546,1.13,True,2022-06-06,1,,False,,-3.600000000000364,-0.08,False,2022-06-09,2,,True,,37.099999999999454,0.86,True,True,-278.25,-6.54,False,True,,,False
2022-06-09,LTIM,4275.0,4384.95,4242.65,4370.7,318613,0,Thursday,9,160,7,,False,True,False,False,55.599999999999454,1.29,True,2022-06-06,1,,False,,-3.600000000000364,-0.08,False,2022-06-09,2,,True,,37.099999999999454,0.86,True,True,-278.25,-6.54,False,True,,,False
2022-06-10,LTIM,4310.0,4351.25,4265.0,4331.45,266771,0,Friday,10,161,8,,True,False,True,False,-39.25,-0.9,False,2022-06-06,1,,False,,-3.600000000000364,-0.08,False,2022-06-16,3,,False,,-309.39999999999964,-7.08,False,True,-278.25,-6.54,False,True,,,False
2022-06-13,LTIM,4138.85,4217.05,4074.1,4086.9,430669,0,Monday,13,164,9,,False,True,False,False,-244.54999999999973,-5.65,False,2022-06-13,2,,True,,-328.14999999999964,-7.58,False,2022-06-16,3,,False,,-309.39999999999964,-7.08,False,True,-278.25,-6.54,False,True,,,False
2022-06-14,LTIM,4020.0,4209.95,4020.0,4191.2,553323,0,Tuesday,14,165,10,,True,False,True,False,104.29999999999973,2.55,True,2022-06-13,2,,True,,-328.14999999999964,-7.58,False,2022-06-16,3,,False,,-309.39999999999964,-7.08,False,True,-278.25,-6.54,False,True,,,False
2022-06-15,LTIM,4216.0,4242.95,4165.3,4201.85,202139,0,Wednesday,15,166,11,,False,True,False,False,10.650000000000546,0.25,True,2022-06-13,2,,True,,-328.14999999999964,-7.58,False,2022-06-16,3,,False,,-309.39999999999964,-7.08,False,True,-278.25,-6.54,False,True,,,False
2022-06-16,LTIM,4380.0,4380.0,4035.2,4061.3,519669,0,Thursday,16,167,12,,True,False,True,False,-140.55000000000018,-3.34,False,2022-06-13,2,,True,,-328.14999999999964,-7.58,False,2022-06-16,3,,False,,-309.39999999999964,-7.08,False,True,-278.25,-6.54,False,True,,,False
2022-06-17,LTIM,4025.0,4094.9,3962.3,4003.3,355025,0,Friday,17,168,13,,False,True,False,False,-58.0,-1.43,False,2022-06-13,2,,True,,-328.14999999999964,-7.58,False,2022-06-23,4,,True,,71.69999999999982,1.77,True,True,-278.25,-6.54,False,True,,,False
2022-06-20,LTIM,4037.0,4057.5,3900.0,3956.85,260560,0,Monday,20,171,14,,True,False,True,False,-46.45000000000027,-1.16,False,2022-06-20,3,,False,,30.449999999999818,0.76,True,2022-06-23,4,,True,,71.69999999999982,1.77,True,True,-278.25,-6.54,False,True,,,False
2022-06-21,LTIM,4002.0,4146.6,3980.1,4118.45,309393,0,Tuesday,21,172,15,,False,True,False,False,161.5999999999999,4.08,True,2022-06-20,3,,False,,30.449999999999818,0.76,True,2022-06-23,4,,True,,71.69999999999982,1.77,True,True,-278.25,-6.54,False,True,,,False
2022-06-22,LTIM,4115.0,4115.0,4005.6,4021.95,237650,0,Wednesday,22,173,16,,True,False,True,False,-96.5,-2.34,False,2022-06-20,3,,False,,30.449999999999818,0.76,True,2022-06-23,4,,True,,71.69999999999982,1.77,True,True,-278.25,-6.54,False,True,,,False
2022-06-23,LTIM,4050.0,4146.0,4015.05,4133.0,274113,0,Thursday,23,174,17,,False,True,False,False,111.05000000000018,2.76,True,2022-06-20,3,,False,,30.449999999999818,0.76,True,2022-06-23,4,,True,,71.69999999999982,1.77,True,True,-278.25,-6.54,False,True,,,False
2022-06-24,LTIM,4194.95,4208.15,4007.0,4033.75,368631,0,Friday,24,175,18,,True,False,True,False,-99.25,-2.4,False,2022-06-20,3,,False,,30.449999999999818,0.76,True,2022-06-30,5,,False,,-157.55000000000018,-3.81,False,True,-278.25,-6.54,False,True,,,False
2022-06-27,LTIM,4133.7,4204.0,4092.95,4163.3,312125,0,Monday,27,178,19,,False,True,False,False,129.55000000000018,3.21,True,2022-06-27,4,,True,,-32.94999999999982,-0.82,False,2022-06-30,5,,False,,-157.55000000000018,-3.81,False,True,-278.25,-6.54,False,True,,,False
2022-06-28,LTIM,4117.2,4234.95,4076.0,4222.6,299984,0,Tuesday,28,179,20,,True,False,True,False,59.30000000000018,1.42,True,2022-06-27,4,,True,,-32.94999999999982,-0.82,False,2022-06-30,5,,False,,-157.55000000000018,-3.81,False,True,-278.25,-6.54,False,True,,,False
2022-06-29,LTIM,4160.0,4204.0,4065.25,4086.9,386244,0,Wednesday,29,180,21,,False,True,False,False,-135.70000000000027,-3.21,False,2022-06-27,4,,True,,-32.94999999999982,-0.82,False,2022-06-30,5,,False,,-157.55000000000018,-3.81,False,True,-278.25,-6.54,False,True,,,False
2022-06-30,LTIM,4088.0,4108.8,3961.0,3975.45,374541,0,Thursday,30,181,22,,True,False,True,False,-111.45000000000027,-2.73,False,2022-06-27,4,,True,,-32.94999999999982,-0.82,False,2022-06-30,5,,False,,-157.55000000000018,-3.81,False,True,-278.25,-6.54,False,True,,,False
2022-07-01,LTIM,3945.0,4015.95,3905.25,4000.8,268702,0,Friday,1,182,1,,False,True,False,False,25.350000000000364,0.64,True,2022-06-27,4,,True,,-32.94999999999982,-0.82,False,2022-07-07,1,,False,,69.80000000000018,1.76,True,False,755.3000000000002,19.0,True,True,,,False
2022-07-04,LTIM,4020.05,4041.9,3930.0,3976.15,201981,0,Monday,4,185,2,,True,False,True,False,-24.65000000000009,-0.62,False,2022-07-04,1,,False,,67.04999999999973,1.68,True,2022-07-07,1,,False,,69.80000000000018,1.76,True,False,755.3000000000002,19.0,True,True,,,False
2022-07-05,LTIM,4012.5,4046.15,3950.0,3959.1,274199,0,Tuesday,5,186,3,,False,True,False,False,-17.050000000000182,-0.43,False,2022-07-04,1,,False,,67.04999999999973,1.68,True,2022-07-07,1,,False,,69.80000000000018,1.76,True,False,755.3000000000002,19.0,True,True,,,False
2022-07-06,LTIM,3960.0,4039.0,3959.0,4012.8,319962,0,Wednesday,6,187,4,,True,False,True,False,53.70000000000027,1.36,True,2022-07-04,1,,False,,67.04999999999973,1.68,True,2022-07-07,1,,False,,69.80000000000018,1.76,True,False,755.3000000000002,19.0,True,True,,,False
2022-07-07,LTIM,4060.0,4117.6,4011.9,4045.25,408992,0,Thursday,7,188,5,,False,True,False,False,32.44999999999982,0.81,True,2022-07-04,1,,False,,67.04999999999973,1.68,True,2022-07-07,1,,False,,69.80000000000018,1.76,True,False,755.3000000000002,19.0,True,True,,,False
2022-07-08,LTIM,4089.95,4120.0,4030.05,4067.85,280222,0,Friday,8,189,6,,True,False,True,False,22.59999999999991,0.56,True,2022-07-04,1,,False,,67.04999999999973,1.68,True,2022-07-14,2,,True,,-171.6500000000001,-4.24,False,False,755.3000000000002,19.0,True,True,,,False
2022-07-11,LTIM,4005.0,4019.95,3890.0,3955.5,478264,0,Monday,11,192,7,,False,True,False,False,-112.34999999999991,-2.76,False,2022-07-11,2,,True,,-93.29999999999973,-2.29,False,2022-07-14,2,,True,,-171.6500000000001,-4.24,False,False,755.3000000000002,19.0,True,True,,,False
2022-07-12,LTIM,3939.9,4058.55,3924.05,3985.05,472230,0,Tuesday,12,193,8,,True,False,True,False,29.550000000000182,0.75,True,2022-07-11,2,,True,,-93.29999999999973,-2.29,False,2022-07-14,2,,True,,-171.6500000000001,-4.24,False,False,755.3000000000002,19.0,True,True,,,False
2022-07-13,LTIM,4024.9,4055.0,3956.0,4015.45,420839,0,Wednesday,13,194,9,,False,True,False,False,30.399999999999636,0.76,True,2022-07-11,2,,True,,-93.29999999999973,-2.29,False,2022-07-14,2,,True,,-171.6500000000001,-4.24,False,False,755.3000000000002,19.0,True,True,,,False
2022-07-14,LTIM,4080.0,4088.95,3833.15,3873.6,763471,0,Thursday,14,195,10,,True,False,True,False,-141.8499999999999,-3.53,False,2022-07-11,2,,True,,-93.29999999999973,-2.29,False,2022-07-14,2,,True,,-171.6500000000001,-4.24,False,False,755.3000000000002,19.0,True,True,,,False
2022-07-15,LTIM,3873.6,4015.0,3846.0,3974.55,1269258,0,Friday,15,196,11,,False,True,False,False,100.95000000000027,2.61,True,2022-07-11,2,,True,,-93.29999999999973,-2.29,False,2022-07-21,3,,False,,656.3499999999999,16.94,True,False,755.3000000000002,19.0,True,True,,,False
2022-07-18,LTIM,4008.0,4238.35,4000.0,4215.75,1112673,0,Monday,18,199,12,,True,False,True,False,241.19999999999982,6.07,True,2022-07-18,3,,False,,530.25,13.34,True,2022-07-21,3,,False,,656.3499999999999,16.94,True,False,755.3000000000002,19.0,True,True,,,False
2022-07-19,LTIM,4185.0,4334.95,4157.6,4310.95,1109853,0,Tuesday,19,200,13,,False,True,False,False,95.19999999999982,2.26,True,2022-07-18,3,,False,,530.25,13.34,True,2022-07-21,3,,False,,656.3499999999999,16.94,True,False,755.3000000000002,19.0,True,True,,,False
2022-07-20,LTIM,4380.95,4460.0,4338.85,4444.65,871377,0,Wednesday,20,201,14,,True,False,True,False,133.69999999999982,3.1,True,2022-07-18,3,,False,,530.25,13.34,True,2022-07-21,3,,False,,656.3499999999999,16.94,True,False,755.3000000000002,19.0,True,True,,,False
2022-07-21,LTIM,4444.65,4538.0,4396.35,4529.95,741668,0,Thursday,21,202,15,,False,True,False,False,85.30000000000018,1.92,True,2022-07-18,3,,False,,530.25,13.34,True,2022-07-21,3,,False,,656.3499999999999,16.94,True,False,755.3000000000002,19.0,True,True,,,False
2022-07-22,LTIM,4535.5,4559.9,4480.05,4504.8,457298,0,Friday,22,203,16,,True,False,True,False,-25.149999999999636,-0.56,False,2022-07-18,3,,False,,530.25,13.34,True,2022-07-28,4,,True,,119.15000000000055,2.63,True,False,755.3000000000002,19.0,True,True,,,False
2022-07-25,LTIM,4482.0,4530.1,4460.6,4500.8,421761,0,Monday,25,206,17,,False,True,False,False,-4.0,-0.09,False,2022-07-25,4,,True,,225.94999999999982,5.02,True,2022-07-28,4,,True,,119.15000000000055,2.63,True,False,755.3000000000002,19.0,True,True,,,False
2022-07-26,LTIM,4509.0,4511.0,4305.45,4313.9,469178,0,Tuesday,26,207,18,,True,False,True,False,-186.90000000000055,-4.15,False,2022-07-25,4,,True,,225.94999999999982,5.02,True,2022-07-28,4,,True,,119.15000000000055,2.63,True,False,755.3000000000002,19.0,True,True,,,False
2022-07-27,LTIM,4313.9,4424.95,4273.6,4412.9,345740,0,Wednesday,27,208,19,,False,True,False,False,99.0,2.29,True,2022-07-25,4,,True,,225.94999999999982,5.02,True,2022-07-28,4,,True,,119.15000000000055,2.63,True,False,755.3000000000002,19.0,True,True,,,False
2022-07-28,LTIM,4460.0,4660.05,4450.1,4649.1,824934,0,Thursday,28,209,20,,True,False,True,False,236.20000000000073,5.35,True,2022-07-25,4,,True,,225.94999999999982,5.02,True,2022-07-28,4,,True,,119.15000000000055,2.63,True,False,755.3000000000002,19.0,True,True,,,False
2022-07-29,LTIM,4680.0,4835.0,4650.0,4730.75,777901,0,Friday,29,210,21,,False,True,False,False,81.64999999999964,1.76,True,2022-07-25,4,,True,,225.94999999999982,5.02,True,2022-08-04,1,,False,,256.14999999999964,5.51,True,False,755.3000000000002,19.0,True,True,,,False
2022-08-01,LTIM,4760.0,4803.25,4680.0,4769.05,328694,0,Monday,1,213,1,,False,False,False,False,38.30000000000018,0.81,True,2022-08-01,1,,False,,194.60000000000036,4.11,True,2022-08-04,1,,False,,256.14999999999964,5.51,True,True,-89.05000000000018,-1.88,False,True,,,False
2022-08-02,LTIM,4729.95,4742.5,4671.0,4691.0,360188,0,Tuesday,2,214,2,,True,True,True,False,-78.05000000000018,-1.64,False,2022-08-01,1,,False,,194.60000000000036,4.11,True,2022-08-04,1,,False,,256.14999999999964,5.51,True,True,-89.05000000000018,-1.88,False,True,,,False
2022-08-03,LTIM,4685.0,4822.0,4680.0,4785.95,724743,0,Wednesday,3,215,3,,False,False,False,False,94.94999999999982,2.02,True,2022-08-01,1,,False,,194.60000000000036,4.11,True,2022-08-04,1,,False,,256.14999999999964,5.51,True,True,-89.05000000000018,-1.88,False,True,,,False
2022-08-04,LTIM,4840.0,4915.45,4787.9,4905.25,583827,0,Thursday,4,216,4,,True,True,True,False,119.30000000000018,2.49,True,2022-08-01,1,,False,,194.60000000000036,4.11,True,2022-08-04,1,,False,,256.14999999999964,5.51,True,True,-89.05000000000018,-1.88,False,True,,,False
2022-08-05,LTIM,4933.75,4958.65,4895.5,4925.35,306170,0,Friday,5,217,5,,False,False,False,False,20.100000000000364,0.41,True,2022-08-01,1,,False,,194.60000000000036,4.11,True,2022-08-11,2,,True,,96.25,1.96,True,True,-89.05000000000018,-1.88,False,True,,,False
2022-08-08,LTIM,4930.0,4959.9,4876.0,4900.2,191049,0,Monday,8,220,6,,True,True,True,False,-25.150000000000546,-0.51,False,2022-08-08,2,,True,,-13.950000000000728,-0.28,False,2022-08-11,2,,True,,96.25,1.96,True,True,-89.05000000000018,-1.88,False,True,,,False
2022-08-10,LTIM,4920.0,4929.0,4786.5,4856.6,231234,0,Wednesday,10,222,7,,True,True,False,False,-43.599999999999454,-0.89,False,2022-08-08,2,,True,,-13.950000000000728,-0.28,False,2022-08-11,2,,True,,96.25,1.96,True,True,-89.05000000000018,-1.88,False,True,,,False
2022-08-11,LTIM,4930.0,5046.0,4925.0,5001.5,447931,0,Thursday,11,223,8,,False,False,True,False,144.89999999999964,2.98,True,2022-08-08,2,,True,,-13.950000000000728,-0.28,False,2022-08-11,2,,True,,96.25,1.96,True,True,-89.05000000000018,-1.88,False,True,,,False
2022-08-12,LTIM,5013.0,5013.0,4896.0,4911.4,248304,0,Friday,12,224,9,,True,True,False,False,-90.10000000000036,-1.8,False,2022-08-08,2,,True,,-13.950000000000728,-0.28,False,2022-08-18,3,,False,,-77.35000000000036,-1.55,False,True,-89.05000000000018,-1.88,False,True,,,False
2022-08-16,LTIM,4980.0,4983.5,4880.0,4887.0,244252,0,Tuesday,16,228,10,,True,True,True,False,-24.399999999999636,-0.5,False,2022-08-15,3,,False,,-18.699999999999818,-0.38,False,2022-08-18,3,,False,,-77.35000000000036,-1.55,False,True,-89.05000000000018,-1.88,False,True,,,False
2022-08-17,LTIM,4893.0,4999.0,4887.0,4961.05,330123,0,Wednesday,17,229,11,,False,False,False,False,74.05000000000018,1.52,True,2022-08-15,3,,False,,-18.699999999999818,-0.38,False,2022-08-18,3,,False,,-77.35000000000036,-1.55,False,True,-89.05000000000018,-1.88,False,True,,,False
2022-08-18,LTIM,4939.0,4939.0,4852.1,4924.15,254556,0,Thursday,18,230,12,,True,True,True,False,-36.900000000000546,-0.74,False,2022-08-15,3,,False,,-18.699999999999818,-0.38,False,2022-08-18,3,,False,,-77.35000000000036,-1.55,False,True,-89.05000000000018,-1.88,False,True,,,False
2022-08-19,LTIM,4928.0,5019.95,4870.0,4892.7,464374,0,Friday,19,231,13,,False,False,False,False,-31.449999999999818,-0.64,False,2022-08-15,3,,False,,-18.699999999999818,-0.38,False,2022-08-25,4,,True,,-292.4499999999998,-5.94,False,True,-89.05000000000018,-1.88,False,True,,,False
2022-08-22,LTIM,4872.0,4873.95,4710.0,4721.7,286006,0,Monday,22,234,14,,True,True,True,False,-171.0,-3.5,False,2022-08-22,4,,True,,-233.75,-4.78,False,2022-08-25,4,,True,,-292.4499999999998,-5.94,False,True,-89.05000000000018,-1.88,False,True,,,False
2022-08-23,LTIM,4624.9,4710.0,4580.9,4664.8,391813,0,Tuesday,23,235,15,,False,False,False,False,-56.899999999999636,-1.21,False,2022-08-22,4,,True,,-233.75,-4.78,False,2022-08-25,4,,True,,-292.4499999999998,-5.94,False,True,-89.05000000000018,-1.88,False,True,,,False
2022-08-24,LTIM,4687.0,4706.0,4626.1,4658.4,197958,0,Wednesday,24,236,16,,True,True,True,False,-6.400000000000546,-0.14,False,2022-08-22,4,,True,,-233.75,-4.78,False,2022-08-25,4,,True,,-292.4499999999998,-5.94,False,True,-89.05000000000018,-1.88,False,True,,,False
2022-08-25,LTIM,4697.0,4724.95,4620.0,4631.7,253146,0,Thursday,25,237,17,,False,False,False,False,-26.699999999999818,-0.57,False,2022-08-22,4,,True,,-233.75,-4.78,False,2022-08-25,4,,True,,-292.4499999999998,-5.94,False,True,-89.05000000000018,-1.88,False,True,,,False
2022-08-26,LTIM,4680.0,4747.45,4651.0,4658.95,256985,0,Friday,26,238,18,,True,True,True,False,27.25,0.59,True,2022-08-22,4,,True,,-233.75,-4.78,False,2022-09-01,1,,False,,-97.84999999999945,-2.11,False,True,-89.05000000000018,-1.88,False,True,,,False
2022-08-29,LTIM,4451.0,4540.0,4400.0,4471.85,346911,0,Monday,29,241,19,,False,False,False,False,-187.09999999999945,-4.02,False,2022-08-29,5,,False,,-136.94999999999982,-2.94,False,2022-09-01,1,,False,,-97.84999999999945,-2.11,False,True,-89.05000000000018,-1.88,False,True,,,False
2022-08-30,LTIM,4540.0,4660.65,4505.0,4641.7,404437,0,Tuesday,30,242,20,,True,True,True,False,169.84999999999945,3.8,True,2022-08-29,5,,False,,-136.94999999999982,-2.94,False,2022-09-01,1,,False,,-97.84999999999945,-2.11,False,True,-89.05000000000018,-1.88,False,True,,,False
2022-09-01,LTIM,4570.0,4600.0,4513.0,4533.85,241724,0,Thursday,1,244,1,,False,True,False,False,-107.84999999999945,-2.32,False,2022-08-29,5,,False,,-136.94999999999982,-2.94,False,2022-09-01,1,,False,,-97.84999999999945,-2.11,False,False,-183.84999999999945,-3.96,False,True,,,False
2022-09-02,LTIM,4569.9,4599.0,4510.0,4522.0,176676,0,Friday,2,245,2,,True,False,True,False,-11.850000000000364,-0.26,False,2022-08-29,5,,False,,-136.94999999999982,-2.94,False,2022-09-08,2,,True,,-10.400000000000546,-0.23,False,False,-183.84999999999945,-3.96,False,True,,,False
2022-09-05,LTIM,4517.5,4573.5,4486.5,4496.5,216426,0,Monday,5,248,3,,False,True,False,False,-25.5,-0.56,False,2022-09-05,1,,False,,151.60000000000036,3.35,True,2022-09-08,2,,True,,-10.400000000000546,-0.23,False,False,-183.84999999999945,-3.96,False,True,,,False
2022-09-06,LTIM,4526.0,4544.85,4450.5,4461.1,245531,0,Tuesday,6,249,4,,True,False,True,False,-35.399999999999636,-0.79,False,2022-09-05,1,,False,,151.60000000000036,3.35,True,2022-09-08,2,,True,,-10.400000000000546,-0.23,False,False,-183.84999999999945,-3.96,False,True,,,False
2022-09-07,LTIM,4430.0,4526.0,4415.45,4510.25,228545,0,Wednesday,7,250,5,,False,True,False,False,49.149999999999636,1.1,True,2022-09-05,1,,False,,151.60000000000036,3.35,True,2022-09-08,2,,True,,-10.400000000000546,-0.23,False,False,-183.84999999999945,-3.96,False,True,,,False
2022-09-08,LTIM,4569.0,4572.95,4509.7,4523.45,210685,0,Thursday,8,251,6,,True,False,True,False,13.199999999999818,0.29,True,2022-09-05,1,,False,,151.60000000000036,3.35,True,2022-09-08,2,,True,,-10.400000000000546,-0.23,False,False,-183.84999999999945,-3.96,False,True,,,False
2022-09-09,LTIM,4545.0,4699.95,4508.0,4673.6,482895,0,Friday,9,252,7,,False,True,False,False,150.15000000000055,3.32,True,2022-09-05,1,,False,,151.60000000000036,3.35,True,2022-09-15,3,,False,,73.0,1.61,True,False,-183.84999999999945,-3.96,False,True,,,False
2022-09-12,LTIM,4739.0,4838.0,4707.55,4812.1,755745,0,Monday,12,255,8,,True,False,True,False,138.5,2.96,True,2022-09-12,2,,True,,-294.10000000000036,-6.29,False,2022-09-15,3,,False,,73.0,1.61,True,False,-183.84999999999945,-3.96,False,True,,,False
2022-09-13,LTIM,4845.2,4850.0,4746.05,4777.9,313539,0,Tuesday,13,256,9,,False,True,False,False,-34.20000000000073,-0.71,False,2022-09-12,2,,True,,-294.10000000000036,-6.29,False,2022-09-15,3,,False,,73.0,1.61,True,False,-183.84999999999945,-3.96,False,True,,,False
2022-09-14,LTIM,4608.0,4642.2,4545.0,4618.35,568515,0,Wednesday,14,257,10,,True,False,True,False,-159.54999999999927,-3.34,False,2022-09-12,2,,True,,-294.10000000000036,-6.29,False,2022-09-15,3,,False,,73.0,1.61,True,False,-183.84999999999945,-3.96,False,True,,,False
2022-09-15,LTIM,4630.0,4664.5,4534.0,4596.45,304309,0,Thursday,15,258,11,,False,True,False,False,-21.900000000000546,-0.47,False,2022-09-12,2,,True,,-294.10000000000036,-6.29,False,2022-09-15,3,,False,,73.0,1.61,True,False,-183.84999999999945,-3.96,False,True,,,False
2022-09-16,LTIM,4570.0,4570.0,4352.7,4379.5,516498,0,Friday,16,259,12,,True,False,True,False,-216.94999999999982,-4.72,False,2022-09-12,2,,True,,-294.10000000000036,-6.29,False,2022-09-22,4,,True,,-164.64999999999964,-3.58,False,False,-183.84999999999945,-3.96,False,True,,,False
2022-09-19,LTIM,4388.0,4390.0,4261.35,4354.2,332316,0,Monday,19,262,13,,False,True,False,False,-25.300000000000182,-0.58,False,2022-09-19,3,,False,,38.399999999999636,0.88,True,2022-09-22,4,,True,,-164.64999999999964,-3.58,False,False,-183.84999999999945,-3.96,False,True,,,False
2022-09-20,LTIM,4400.0,4496.25,4390.6,4405.75,311399,0,Tuesday,20,263,14,,True,False,True,False,51.55000000000018,1.18,True,2022-09-19,3,,False,,38.399999999999636,0.88,True,2022-09-22,4,,True,,-164.64999999999964,-3.58,False,False,-183.84999999999945,-3.96,False,True,,,False
2022-09-21,LTIM,4385.0,4477.0,4369.7,4410.9,283595,0,Wednesday,21,264,15,,False,True,False,False,5.149999999999636,0.12,True,2022-09-19,3,,False,,38.399999999999636,0.88,True,2022-09-22,4,,True,,-164.64999999999964,-3.58,False,False,-183.84999999999945,-3.96,False,True,,,False
2022-09-22,LTIM,4375.0,4465.0,4362.0,4431.8,331517,0,Thursday,22,265,16,,True,False,True,False,20.900000000000546,0.47,True,2022-09-19,3,,False,,38.399999999999636,0.88,True,2022-09-22,4,,True,,-164.64999999999964,-3.58,False,False,-183.84999999999945,-3.96,False,True,,,False
2022-09-23,LTIM,4411.0,4520.0,4402.0,4417.9,346327,0,Friday,23,266,17,,False,True,False,False,-13.900000000000546,-0.31,False,2022-09-19,3,,False,,38.399999999999636,0.88,True,2022-09-29,5,,False,,8.449999999999818,0.19,True,False,-183.84999999999945,-3.96,False,True,,,False
2022-09-26,LTIM,4377.0,4485.0,4284.45,4410.9,337094,0,Monday,26,269,18,,True,False,True,False,-7.0,-0.16,False,2022-09-26,4,,True,,39.95000000000073,0.9,True,2022-09-29,5,,False,,8.449999999999818,0.19,True,False,-183.84999999999945,-3.96,False,True,,,False
2022-09-27,LTIM,4433.0,4542.0,4377.0,4513.05,353988,0,Tuesday,27,270,19,,False,True,False,False,102.15000000000055,2.32,True,2022-09-26,4,,True,,39.95000000000073,0.9,True,2022-09-29,5,,False,,8.449999999999818,0.19,True,False,-183.84999999999945,-3.96,False,True,,,False
2022-09-28,LTIM,4499.0,4563.0,4460.15,4526.15,374946,0,Wednesday,28,271,20,,True,False,True,False,13.099999999999454,0.29,True,2022-09-26,4,,True,,39.95000000000073,0.9,True,2022-09-29,5,,False,,8.449999999999818,0.19,True,False,-183.84999999999945,-3.96,False,True,,,False
2022-09-29,LTIM,4550.0,4596.65,4387.5,4440.25,466182,0,Thursday,29,272,21,,False,True,False,False,-85.89999999999964,-1.9,False,2022-09-26,4,,True,,39.95000000000073,0.9,True,2022-09-29,5,,False,,8.449999999999818,0.19,True,False,-183.84999999999945,-3.96,False,True,,,False
2022-09-30,LTIM,4420.0,4479.8,4312.6,4457.85,410491,0,Friday,30,273,22,,True,False,True,False,17.600000000000364,0.4,True,2022-09-26,4,,True,,39.95000000000073,0.9,True,2022-10-06,1,,False,,226.05000000000018,5.09,True,False,-183.84999999999945,-3.96,False,True,,,False
2022-10-03,LTIM,4457.0,4500.0,4378.0,4450.7,243677,0,Monday,3,276,1,,False,True,False,False,-7.150000000000546,-0.16,False,2022-10-03,1,,False,,187.39999999999964,4.2,True,2022-10-06,1,,False,,226.05000000000018,5.09,True,True,282.0,6.33,True,True,,,False
2022-10-04,LTIM,4535.0,4597.5,4499.0,4588.1,282151,0,Tuesday,4,277,2,,True,False,True,False,137.40000000000055,3.09,True,2022-10-03,1,,False,,187.39999999999964,4.2,True,2022-10-06,1,,False,,226.05000000000018,5.09,True,True,282.0,6.33,True,True,,,False
2022-10-06,LTIM,4615.0,4678.75,4610.5,4666.3,277078,0,Thursday,6,279,3,,True,False,False,False,78.19999999999982,1.7,True,2022-10-03,1,,False,,187.39999999999964,4.2,True,2022-10-06,1,,False,,226.05000000000018,5.09,True,True,282.0,6.33,True,True,,,False
2022-10-07,LTIM,4670.0,4684.9,4608.0,4645.25,205622,0,Friday,7,280,4,,False,True,True,False,-21.050000000000182,-0.45,False,2022-10-03,1,,False,,187.39999999999964,4.2,True,2022-10-13,2,,True,,-69.5,-1.49,False,True,282.0,6.33,True,True,,,False
2022-10-10,LTIM,4570.0,4714.95,4545.8,4697.5,236016,0,Monday,10,283,5,,True,False,False,False,52.25,1.12,True,2022-10-10,2,,True,,23.300000000000182,0.5,True,2022-10-13,2,,True,,-69.5,-1.49,False,True,282.0,6.33,True,True,,,False
2022-10-11,LTIM,4727.0,4756.9,4581.35,4604.7,332326,0,Tuesday,11,284,6,,False,True,True,False,-92.80000000000018,-1.98,False,2022-10-10,2,,True,,23.300000000000182,0.5,True,2022-10-13,2,,True,,-69.5,-1.49,False,True,282.0,6.33,True,True,,,False
2022-10-12,LTIM,4608.1,4654.5,4555.95,4642.3,272767,0,Wednesday,12,285,7,,True,False,False,False,37.600000000000364,0.82,True,2022-10-10,2,,True,,23.300000000000182,0.5,True,2022-10-13,2,,True,,-69.5,-1.49,False,True,282.0,6.33,True,True,,,False
2022-10-13,LTIM,4615.0,4640.05,4560.5,4596.8,286696,0,Thursday,13,286,8,,False,True,True,False,-45.5,-0.98,False,2022-10-10,2,,True,,23.300000000000182,0.5,True,2022-10-13,2,,True,,-69.5,-1.49,False,True,282.0,6.33,True,True,,,False
2022-10-14,LTIM,4730.0,4816.0,4630.0,4668.55,837508,0,Friday,14,287,9,,True,False,False,False,71.75,1.56,True,2022-10-10,2,,True,,23.300000000000182,0.5,True,2022-10-20,3,,False,,161.80000000000018,3.52,True,True,282.0,6.33,True,True,,,False
2022-10-17,LTIM,4689.95,4689.95,4576.0,4641.85,290860,0,Monday,17,290,10,,False,True,True,False,-26.699999999999818,-0.57,False,2022-10-17,3,,False,,96.69999999999982,2.07,True,2022-10-20,3,,False,,161.80000000000018,3.52,True,True,282.0,6.33,True,True,,,False
2022-10-18,LTIM,4694.0,4787.8,4672.0,4722.4,317650,0,Tuesday,18,291,11,,True,False,False,False,80.54999999999927,1.74,True,2022-10-17,3,,False,,96.69999999999982,2.07,True,2022-10-20,3,,False,,161.80000000000018,3.52,True,True,282.0,6.33,True,True,,,False
2022-10-19,LTIM,4740.7,4740.7,4668.0,4694.6,151545,0,Wednesday,19,292,12,,False,True,True,False,-27.799999999999272,-0.59,False,2022-10-17,3,,False,,96.69999999999982,2.07,True,2022-10-20,3,,False,,161.80000000000018,3.52,True,True,282.0,6.33,True,True,,,False
2022-10-20,LTIM,4694.0,4767.0,4660.05,4758.6,213951,0,Thursday,20,293,13,,True,False,False,False,64.0,1.36,True,2022-10-17,3,,False,,96.69999999999982,2.07,True,2022-10-20,3,,False,,161.80000000000018,3.52,True,True,282.0,6.33,True,True,,,False
2022-10-21,LTIM,4745.2,4780.05,4721.8,4765.25,163643,0,Friday,21,294,14,,False,True,True,False,6.649999999999636,0.14,True,2022-10-17,3,,False,,96.69999999999982,2.07,True,2022-10-27,4,,True,,-82.35000000000036,-1.73,False,True,282.0,6.33,True,True,,,False
2022-10-24,LTIM,4798.95,4798.95,4717.25,4738.3,27128,0,Monday,24,297,15,,True,False,False,False,-26.949999999999818,-0.57,False,2022-10-24,4,,True,,-181.10000000000036,-3.8,False,2022-10-27,4,,True,,-82.35000000000036,-1.73,False,True,282.0,6.33,True,True,,,False
2022-10-25,LTIM,4748.0,4820.0,4715.0,4809.7,223452,0,Tuesday,25,298,16,,False,True,True,False,71.39999999999964,1.51,True,2022-10-24,4,,True,,-181.10000000000036,-3.8,False,2022-10-27,4,,True,,-82.35000000000036,-1.73,False,True,282.0,6.33,True,True,,,False
2022-10-27,LTIM,4771.15,4799.85,4653.05,4676.25,327850,0,Thursday,27,300,17,,False,True,False,False,-133.44999999999982,-2.77,False,2022-10-24,4,,True,,-181.10000000000036,-3.8,False,2022-10-27,4,,True,,-82.35000000000036,-1.73,False,True,282.0,6.33,True,True,,,False
2022-10-28,LTIM,4676.25,4693.95,4555.2,4584.15,279801,0,Friday,28,301,18,,True,False,True,False,-92.10000000000036,-1.97,False,2022-10-24,4,,True,,-181.10000000000036,-3.8,False,2022-11-03,1,,False,,162.75,3.48,True,True,282.0,6.33,True,True,,,False
2022-10-31,LTIM,4630.0,4750.0,4625.15,4739.85,284185,0,Monday,31,304,19,,False,True,False,False,155.70000000000073,3.4,True,2022-10-31,5,,False,,222.75,4.86,True,2022-11-03,1,,False,,162.75,3.48,True,True,282.0,6.33,True,True,,,False
2022-11-01,LTIM,4735.05,4855.0,4735.05,4845.65,271134,0,Tuesday,1,305,1,,False,False,False,False,105.79999999999927,2.23,True,2022-10-31,5,,False,,222.75,4.86,True,2022-11-03,1,,False,,162.75,3.48,True,False,98.69999999999982,2.08,True,True,,,False
2022-11-02,LTIM,4845.0,4868.0,4790.5,4859.85,172526,0,Wednesday,2,306,2,,True,True,True,False,14.200000000000728,0.29,True,2022-10-31,5,,False,,222.75,4.86,True,2022-11-03,1,,False,,162.75,3.48,True,False,98.69999999999982,2.08,True,True,,,False
2022-11-03,LTIM,4797.9,4845.95,4775.55,4839.0,123015,0,Thursday,3,307,3,,False,False,False,False,-20.850000000000364,-0.43,False,2022-10-31,5,,False,,222.75,4.86,True,2022-11-03,1,,False,,162.75,3.48,True,False,98.69999999999982,2.08,True,True,,,False
2022-11-04,LTIM,4815.0,4832.7,4750.55,4806.9,210847,0,Friday,4,308,4,,True,True,True,False,-32.100000000000364,-0.66,False,2022-10-31,5,,False,,222.75,4.86,True,2022-11-10,2,,True,,23.5,0.49,True,False,98.69999999999982,2.08,True,True,,,False
2022-11-07,LTIM,4830.95,4874.15,4792.65,4860.45,161003,0,Monday,7,311,5,,False,False,False,False,53.55000000000018,1.11,True,2022-11-07,1,,False,,251.10000000000036,5.22,True,2022-11-10,2,,True,,23.5,0.49,True,False,98.69999999999982,2.08,True,True,,,False
2022-11-09,LTIM,4850.2,4896.75,4801.65,4837.05,222628,0,Wednesday,9,313,6,,False,False,True,False,-23.399999999999636,-0.48,False,2022-11-07,1,,False,,251.10000000000036,5.22,True,2022-11-10,2,,True,,23.5,0.49,True,False,98.69999999999982,2.08,True,True,,,False
2022-11-10,LTIM,4788.45,4904.9,4788.45,4862.5,307460,0,Thursday,10,314,7,,True,True,False,False,25.449999999999818,0.53,True,2022-11-07,1,,False,,251.10000000000036,5.22,True,2022-11-10,2,,True,,23.5,0.49,True,False,98.69999999999982,2.08,True,True,,,False
2022-11-11,LTIM,4972.0,5075.0,4930.1,5058.0,771362,0,Friday,11,315,8,,False,False,True,False,195.5,4.02,True,2022-11-07,1,,False,,251.10000000000036,5.22,True,2022-11-17,3,,False,,67.5,1.39,True,False,98.69999999999982,2.08,True,True,,,False
2022-11-14,LTIM,5096.0,5188.0,5076.0,5155.7,664125,0,Monday,14,318,9,,True,True,False,False,97.69999999999982,1.93,True,2022-11-14,2,,True,,-162.10000000000036,-3.2,False,2022-11-17,3,,False,,67.5,1.39,True,False,98.69999999999982,2.08,True,True,,,False
2022-11-15,LTIM,5210.0,5360.0,5096.0,5135.45,1013747,0,Tuesday,15,319,10,,False,False,True,False,-20.25,-0.39,False,2022-11-14,2,,True,,-162.10000000000036,-3.2,False,2022-11-17,3,,False,,67.5,1.39,True,False,98.69999999999982,2.08,True,True,,,False
2022-11-16,LTIM,5140.0,5218.65,5003.0,5048.05,426335,0,Wednesday,16,320,11,,True,True,False,False,-87.39999999999964,-1.7,False,2022-11-14,2,,True,,-162.10000000000036,-3.2,False,2022-11-17,3,,False,,67.5,1.39,True,False,98.69999999999982,2.08,True,True,,,False
2022-11-17,LTIM,5028.0,5028.0,4858.6,4930.0,451474,0,Thursday,17,321,12,,False,False,True,False,-118.05000000000018,-2.34,False,2022-11-14,2,,True,,-162.10000000000036,-3.2,False,2022-11-17,3,,False,,67.5,1.39,True,False,98.69999999999982,2.08,True,True,,,False
2022-11-18,LTIM,4934.95,5024.0,4851.05,4895.9,460492,0,Friday,18,322,13,,True,True,False,False,-34.100000000000364,-0.69,False,2022-11-14,2,,True,,-162.10000000000036,-3.2,False,2022-11-24,4,,True,,15.550000000000182,0.32,True,False,98.69999999999982,2.08,True,True,,,False
2022-11-21,LTIM,4899.0,4899.0,4756.85,4766.85,304871,0,Monday,21,325,14,,False,False,True,False,-129.04999999999927,-2.64,False,2022-11-21,3,,False,,42.400000000000546,0.87,True,2022-11-24,4,,True,,15.550000000000182,0.32,True,False,98.69999999999982,2.08,True,True,,,False
2022-11-22,LTIM,4755.0,4799.0,4725.0,4756.15,535654,0,Tuesday,22,326,15,,True,True,False,False,-10.700000000000728,-0.22,False,2022-11-21,3,,False,,42.400000000000546,0.87,True,2022-11-24,4,,True,,15.550000000000182,0.32,True,False,98.69999999999982,2.08,True,True,,,False
2022-11-23,LTIM,4781.5,4817.4,4693.0,4742.05,309325,0,Wednesday,23,327,16,,False,False,True,False,-14.099999999999454,-0.3,False,2022-11-21,3,,False,,42.400000000000546,0.87,True,2022-11-24,4,,True,,15.550000000000182,0.32,True,False,98.69999999999982,2.08,True,True,,,False
2022-11-24,LTIM,4767.95,4985.0,4745.5,4945.55,549567,0,Thursday,24,328,17,,True,True,False,False,203.5,4.29,True,2022-11-21,3,,False,,42.400000000000546,0.87,True,2022-11-24,4,,True,,15.550000000000182,0.32,True,False,98.69999999999982,2.08,True,True,,,False
2022-11-25,LTIM,4965.0,4971.95,4905.0,4938.3,259072,0,Friday,25,329,18,,False,False,True,False,-7.25,-0.15,False,2022-11-21,3,,False,,42.400000000000546,0.87,True,2022-12-01,1,,False,,64.89999999999964,1.31,True,False,98.69999999999982,2.08,True,True,,,False
2022-11-28,LTIM,4930.0,5014.45,4907.0,4941.3,288290,0,Monday,28,332,19,,True,True,False,False,3.0,0.06,True,2022-11-28,4,,True,,127.44999999999982,2.58,True,2022-12-01,1,,False,,64.89999999999964,1.31,True,False,98.69999999999982,2.08,True,True,,,False
2022-11-29,LTIM,4934.75,4961.8,4902.0,4912.15,156295,0,Tuesday,29,333,20,,False,False,True,False,-29.150000000000546,-0.59,False,2022-11-28,4,,True,,127.44999999999982,2.58,True,2022-12-01,1,,False,,64.89999999999964,1.31,True,False,98.69999999999982,2.08,True,True,,,False
2022-11-30,LTIM,4912.0,4938.0,4820.0,4838.55,647389,0,Wednesday,30,334,21,,True,True,False,False,-73.59999999999945,-1.5,False,2022-11-28,4,,True,,127.44999999999982,2.58,True,2022-12-01,1,,False,,64.89999999999964,1.31,True,False,98.69999999999982,2.08,True,True,,,False
2022-12-01,LTIM,4911.0,5077.95,4901.0,5010.45,1343248,0,Thursday,1,335,1,,False,False,False,False,171.89999999999964,3.55,True,2022-11-28,4,,True,,127.44999999999982,2.58,True,2022-12-01,1,,False,,64.89999999999964,1.31,True,True,-473.15000000000055,-9.78,False,True,,,False
2022-12-02,LTIM,5024.0,5125.0,4970.0,5065.75,783131,0,Friday,2,336,2,,True,True,True,False,55.30000000000018,1.1,True,2022-11-28,4,,True,,127.44999999999982,2.58,True,2022-12-08,2,,True,,-451.64999999999964,-9.01,False,True,-473.15000000000055,-9.78,False,True,,,False
2022-12-05,LTIM,5080.0,5107.75,4970.0,4975.4,286244,0,Monday,5,339,3,,False,False,False,False,-90.35000000000036,-1.78,False,2022-12-05,1,,False,,-664.0,-13.11,False,2022-12-08,2,,True,,-451.64999999999964,-9.01,False,True,-473.15000000000055,-9.78,False,True,,,False
2022-12-06,LTIM,4951.0,4951.0,4800.0,4815.55,529007,0,Tuesday,6,340,4,,True,True,True,False,-159.84999999999945,-3.21,False,2022-12-05,1,,False,,-664.0,-13.11,False,2022-12-08,2,,True,,-451.64999999999964,-9.01,False,True,-473.15000000000055,-9.78,False,True,,,False
2022-12-07,LTIM,4815.4,4815.4,4672.6,4687.6,622933,0,Wednesday,7,341,5,,False,False,False,False,-127.94999999999982,-2.66,False,2022-12-05,1,,False,,-664.0,-13.11,False,2022-12-08,2,,True,,-451.64999999999964,-9.01,False,True,-473.15000000000055,-9.78,False,True,,,False
2022-12-08,LTIM,4690.0,4698.85,4550.9,4558.8,705770,0,Thursday,8,342,6,,True,True,True,False,-128.80000000000018,-2.75,False,2022-12-05,1,,False,,-664.0,-13.11,False,2022-12-08,2,,True,,-451.64999999999964,-9.01,False,True,-473.15000000000055,-9.78,False,True,,,False
2022-12-09,LTIM,4590.0,4606.05,4393.15,4401.75,720644,0,Friday,9,343,7,,False,False,False,False,-157.05000000000018,-3.44,False,2022-12-05,1,,False,,-664.0,-13.11,False,2022-12-15,3,,False,,-227.5,-4.99,False,True,-473.15000000000055,-9.78,False,True,,,False
2022-12-12,LTIM,4380.0,4390.0,4281.0,4330.95,671381,0,Monday,12,346,8,,True,True,True,False,-70.80000000000018,-1.61,False,2022-12-12,2,,True,,-65.39999999999964,-1.49,False,2022-12-15,3,,False,,-227.5,-4.99,False,True,-473.15000000000055,-9.78,False,True,,,False
2022-12-13,LTIM,4368.0,4380.95,4310.65,4317.8,640427,0,Tuesday,13,347,9,,False,False,False,False,-13.149999999999636,-0.3,False,2022-12-12,2,,True,,-65.39999999999964,-1.49,False,2022-12-15,3,,False,,-227.5,-4.99,False,True,-473.15000000000055,-9.78,False,True,,,False
2022-12-14,LTIM,4354.95,4465.0,4350.0,4443.15,881860,0,Wednesday,14,348,10,,True,True,True,False,125.34999999999945,2.9,True,2022-12-12,2,,True,,-65.39999999999964,-1.49,False,2022-12-15,3,,False,,-227.5,-4.99,False,True,-473.15000000000055,-9.78,False,True,,,False
2022-12-15,LTIM,4446.0,4450.0,4316.0,4331.3,476697,0,Thursday,15,349,11,,False,False,False,False,-111.84999999999945,-2.52,False,2022-12-12,2,,True,,-65.39999999999964,-1.49,False,2022-12-15,3,,False,,-227.5,-4.99,False,True,-473.15000000000055,-9.78,False,True,,,False
2022-12-16,LTIM,4285.0,4388.95,4229.05,4336.35,728348,0,Friday,16,350,12,,True,True,True,False,5.050000000000182,0.12,True,2022-12-12,2,,True,,-65.39999999999964,-1.49,False,2022-12-22,4,,True,,47.19999999999982,1.09,True,True,-473.15000000000055,-9.78,False,True,,,False
2022-12-19,LTIM,4261.0,4380.0,4261.0,4372.6,435967,0,Monday,19,353,13,,False,False,False,False,36.25,0.84,True,2022-12-19,3,,False,,-69.80000000000018,-1.61,False,2022-12-22,4,,True,,47.19999999999982,1.09,True,True,-473.15000000000055,-9.78,False,True,,,False
2022-12-20,LTIM,4350.0,4370.0,4295.0,4362.2,217063,0,Tuesday,20,354,14,,True,True,True,False,-10.400000000000546,-0.24,False,2022-12-19,3,,False,,-69.80000000000018,-1.61,False,2022-12-22,4,,True,,47.19999999999982,1.09,True,True,-473.15000000000055,-9.78,False,True,,,False
2022-12-21,LTIM,4384.05,4456.4,4375.0,4424.25,644975,0,Wednesday,21,355,15,,False,False,False,False,62.05000000000018,1.42,True,2022-12-19,3,,False,,-69.80000000000018,-1.61,False,2022-12-22,4,,True,,47.19999999999982,1.09,True,True,-473.15000000000055,-9.78,False,True,,,False
2022-12-22,LTIM,4444.0,4474.0,4350.0,4378.5,334180,0,Thursday,22,356,16,,True,True,True,False,-45.75,-1.03,False,2022-12-19,3,,False,,-69.80000000000018,-1.61,False,2022-12-22,4,,True,,47.19999999999982,1.09,True,True,-473.15000000000055,-9.78,False,True,,,False
2022-12-23,LTIM,4300.0,4343.3,4225.0,4266.55,429859,0,Friday,23,357,17,,False,False,False,False,-111.94999999999982,-2.56,False,2022-12-19,3,,False,,-69.80000000000018,-1.61,False,2022-12-29,5,,False,,41.69999999999982,0.95,True,True,-473.15000000000055,-9.78,False,True,,,False
2022-12-26,LTIM,4261.0,4354.45,4242.6,4348.95,248624,0,Monday,26,360,18,,True,True,True,False,82.39999999999964,1.93,True,2022-12-26,4,,True,,98.84999999999945,2.32,True,2022-12-29,5,,False,,41.69999999999982,0.95,True,True,-473.15000000000055,-9.78,False,True,,,False
2022-12-27,LTIM,4370.7,4415.6,4355.55,4390.45,245105,0,Tuesday,27,361,19,,False,False,False,False,41.5,0.95,True,2022-12-26,4,,True,,98.84999999999945,2.32,True,2022-12-29,5,,False,,41.69999999999982,0.95,True,True,-473.15000000000055,-9.78,False,True,,,False
2022-12-28,LTIM,4367.0,4395.0,4306.2,4332.0,312640,0,Wednesday,28,362,20,,True,True,True,False,-58.44999999999982,-1.33,False,2022-12-26,4,,True,,98.84999999999945,2.32,True,2022-12-29,5,,False,,41.69999999999982,0.95,True,True,-473.15000000000055,-9.78,False,True,,,False
2022-12-29,LTIM,4307.1,4455.0,4280.0,4420.2,1092863,0,Thursday,29,363,21,,False,False,False,False,88.19999999999982,2.04,True,2022-12-26,4,,True,,98.84999999999945,2.32,True,2022-12-29,5,,False,,41.69999999999982,0.95,True,True,-473.15000000000055,-9.78,False,True,,,False
2022-12-30,LTIM,4430.0,4469.95,4354.15,4365.4,317547,0,Friday,30,364,22,,True,True,True,False,-54.80000000000018,-1.24,False,2022-12-26,4,,True,,98.84999999999945,2.32,True,2023-01-05,1,1,False,False,-160.0,-3.62,False,True,-473.15000000000055,-9.78,False,True,,,False
2023-01-02,LTIM,4365.4,4385.85,4294.7,4322.1,268574,0,Monday,2,2,1,1,True,True,False,False,-43.29999999999927,-0.99,False,2023-01-02,1,1,False,False,-167.79999999999927,-3.84,False,2023-01-05,1,1,False,False,-160.0,-3.62,False,False,3.1500000000005457,0.07,True,False,54.05000000000018,1.24,True
2023-01-03,LTIM,4334.0,4364.7,4318.65,4349.15,191007,0,Tuesday,3,3,2,2,False,False,True,True,27.049999999999272,0.63,True,2023-01-02,1,1,False,False,-167.79999999999927,-3.84,False,2023-01-05,1,1,False,False,-160.0,-3.62,False,False,3.1500000000005457,0.07,True,False,54.05000000000018,1.24,True
2023-01-04,LTIM,4311.0,4322.0,4265.2,4277.95,428917,0,Wednesday,4,4,3,3,True,True,False,False,-71.19999999999982,-1.64,False,2023-01-02,1,1,False,False,-167.79999999999927,-3.84,False,2023-01-05,1,1,False,False,-160.0,-3.62,False,False,3.1500000000005457,0.07,True,False,54.05000000000018,1.24,True
2023-01-05,LTIM,4290.0,4299.0,4250.05,4260.2,218691,0,Thursday,5,5,4,4,False,False,True,True,-17.75,-0.41,False,2023-01-02,1,1,False,False,-167.79999999999927,-3.84,False,2023-01-05,1,1,False,False,-160.0,-3.62,False,False,3.1500000000005457,0.07,True,False,54.05000000000018,1.24,True
2023-01-06,LTIM,4250.0,4279.45,4180.0,4197.6,264197,0,Friday,6,6,5,5,True,True,False,False,-62.599999999999454,-1.47,False,2023-01-02,1,1,False,False,-167.79999999999927,-3.84,False,2023-01-12,2,2,True,True,15.949999999999818,0.37,True,False,3.1500000000005457,0.07,True,False,54.05000000000018,1.24,True
2023-01-09,LTIM,4230.15,4327.0,4230.15,4295.25,388187,0,Monday,9,9,6,6,False,False,True,True,97.64999999999964,2.33,True,2023-01-09,2,2,True,True,89.84999999999945,2.14,True,2023-01-12,2,2,True,True,15.949999999999818,0.37,True,False,3.1500000000005457,0.07,True,False,54.05000000000018,1.24,True
2023-01-10,LTIM,4296.0,4298.95,4215.05,4231.6,225477,0,Tuesday,10,10,7,7,True,True,False,False,-63.649999999999636,-1.48,False,2023-01-09,2,2,True,True,89.84999999999945,2.14,True,2023-01-12,2,2,True,True,15.949999999999818,0.37,True,False,3.1500000000005457,0.07,True,False,54.05000000000018,1.24,True
2023-01-11,LTIM,4252.8,4299.0,4211.0,4225.5,243019,0,Wednesday,11,11,8,8,False,False,True,True,-6.100000000000364,-0.14,False,2023-01-09,2,2,True,True,89.84999999999945,2.14,True,2023-01-12,2,2,True,True,15.949999999999818,0.37,True,False,3.1500000000005457,0.07,True,False,54.05000000000018,1.24,True
2023-01-12,LTIM,4255.0,4295.0,4241.0,4276.15,252469,0,Thursday,12,12,9,9,True,True,False,False,50.649999999999636,1.2,True,2023-01-09,2,2,True,True,89.84999999999945,2.14,True,2023-01-12,2,2,True,True,15.949999999999818,0.37,True,False,3.1500000000005457,0.07,True,False,54.05000000000018,1.24,True
2023-01-13,LTIM,4273.9,4293.45,4146.5,4287.45,437340,0,Friday,13,13,10,10,False,False,True,True,11.300000000000182,0.26,True,2023-01-09,2,2,True,True,89.84999999999945,2.14,True,2023-01-19,3,3,False,False,-37.399999999999636,-0.87,False,False,3.1500000000005457,0.07,True,False,54.05000000000018,1.24,True
2023-01-16,LTIM,4298.5,4309.45,4211.7,4277.0,347903,0,Monday,16,16,11,11,True,True,False,False,-10.449999999999818,-0.24,False,2023-01-16,3,3,False,False,-19.399999999999636,-0.45,False,2023-01-19,3,3,False,False,-37.399999999999636,-0.87,False,False,3.1500000000005457,0.07,True,False,54.05000000000018,1.24,True
2023-01-17,LTIM,4281.0,4304.95,4247.55,4274.25,225154,0,Tuesday,17,17,12,12,False,False,True,True,-2.75,-0.06,False,2023-01-16,3,3,False,False,-19.399999999999636,-0.45,False,2023-01-19,3,3,False,False,-37.399999999999636,-0.87,False,False,3.1500000000005457,0.07,True,False,54.05000000000018,1.24,True
2023-01-18,LTIM,4295.35,4301.25,4256.0,4273.75,205896,0,Wednesday,18,18,13,13,True,True,False,False,-0.5,-0.01,False,2023-01-16,3,3,False,False,-19.399999999999636,-0.45,False,2023-01-19,3,3,False,False,-37.399999999999636,-0.87,False,False,3.1500000000005457,0.07,True,False,54.05000000000018,1.24,True
2023-01-19,LTIM,4252.0,4279.35,4223.0,4238.75,233112,0,Thursday,19,19,14,14,False,False,True,True,-35.0,-0.82,False,2023-01-16,3,3,False,False,-19.399999999999636,-0.45,False,2023-01-19,3,3,False,False,-37.399999999999636,-0.87,False,False,3.1500000000005457,0.07,True,False,54.05000000000018,1.24,True
2023-01-20,LTIM,4205.05,4347.0,4205.05,4268.05,449630,0,Friday,20,20,15,15,True,True,False,False,29.300000000000182,0.69,True,2023-01-16,3,3,False,False,-19.399999999999636,-0.45,False,2023-01-26,4,4,True,True,191.89999999999964,4.53,True,False,3.1500000000005457,0.07,True,False,54.05000000000018,1.24,True
2023-01-23,LTIM,4139.95,4401.0,4121.0,4368.85,1266347,0,Monday,23,23,16,16,False,False,True,True,100.80000000000018,2.36,True,2023-01-23,4,4,True,True,131.0,3.07,True,2023-01-26,4,4,True,True,191.89999999999964,4.53,True,False,3.1500000000005457,0.07,True,False,54.05000000000018,1.24,True
2023-01-24,LTIM,4391.7,4544.95,4374.8,4509.45,1009385,0,Tuesday,24,24,17,17,True,True,False,False,140.59999999999945,3.22,True,2023-01-23,4,4,True,True,131.0,3.07,True,2023-01-26,4,4,True,True,191.89999999999964,4.53,True,False,3.1500000000005457,0.07,True,False,54.05000000000018,1.24,True
2023-01-25,LTIM,4490.0,4505.0,4412.8,4430.65,312847,0,Wednesday,25,25,18,18,False,False,True,True,-78.80000000000018,-1.75,False,2023-01-23,4,4,True,True,131.0,3.07,True,2023-01-26,4,4,True,True,191.89999999999964,4.53,True,False,3.1500000000005457,0.07,True,False,54.05000000000018,1.24,True
2023-01-27,LTIM,4400.0,4467.95,4366.0,4399.05,449822,0,Friday,27,27,19,19,False,False,False,False,-31.599999999999454,-0.71,False,2023-01-23,4,4,True,True,131.0,3.07,True,2023-02-02,1,5,False,False,157.10000000000036,3.55,True,False,3.1500000000005457,0.07,True,False,54.05000000000018,1.24,True
2023-01-30,LTIM,4399.0,4464.0,4340.0,4448.9,745273,0,Monday,30,30,20,20,True,True,True,True,49.849999999999454,1.13,True,2023-01-30,5,5,False,False,103.14999999999964,2.34,True,2023-02-02,1,5,False,False,157.10000000000036,3.55,True,False,3.1500000000005457,0.07,True,False,54.05000000000018,1.24,True
2023-01-31,LTIM,4448.3,4458.0,4344.9,4368.55,486171,0,Tuesday,31,31,21,21,False,False,False,False,-80.34999999999945,-1.81,False,2023-01-30,5,5,False,False,103.14999999999964,2.34,True,2023-02-02,1,5,False,False,157.10000000000036,3.55,True,False,3.1500000000005457,0.07,True,False,54.05000000000018,1.24,True
2023-02-01,LTIM,4393.0,4429.8,4331.05,4388.1,363833,0,Wednesday,1,32,1,22,False,True,False,True,19.550000000000182,0.45,True,2023-01-30,5,5,False,False,103.14999999999964,2.34,True,2023-02-02,1,5,False,False,157.10000000000036,3.55,True,True,353.5,8.09,True,False,54.05000000000018,1.24,True
2023-02-02,LTIM,4395.0,4595.0,4395.0,4587.75,902731,0,Thursday,2,33,2,23,True,False,True,False,199.64999999999964,4.55,True,2023-01-30,5,5,False,False,103.14999999999964,2.34,True,2023-02-02,1,5,False,False,157.10000000000036,3.55,True,True,353.5,8.09,True,False,54.05000000000018,1.24,True
2023-02-03,LTIM,4640.0,4640.0,4410.0,4502.2,646511,0,Friday,3,34,3,24,False,True,False,True,-85.55000000000018,-1.86,False,2023-01-30,5,5,False,False,103.14999999999964,2.34,True,2023-02-09,2,6,True,True,107.89999999999964,2.35,True,True,353.5,8.09,True,False,54.05000000000018,1.24,True
2023-02-06,LTIM,4490.0,4612.45,4440.25,4596.05,528238,0,Monday,6,37,4,25,True,False,True,False,93.85000000000036,2.08,True,2023-02-06,1,6,False,True,189.40000000000055,4.21,True,2023-02-09,2,6,True,True,107.89999999999964,2.35,True,True,353.5,8.09,True,False,54.05000000000018,1.24,True
2023-02-07,LTIM,4582.0,4627.6,4561.65,4594.25,312037,0,Tuesday,7,38,5,26,False,True,False,True,-1.800000000000182,-0.04,False,2023-02-06,1,6,False,True,189.40000000000055,4.21,True,2023-02-09,2,6,True,True,107.89999999999964,2.35,True,True,353.5,8.09,True,False,54.05000000000018,1.24,True
2023-02-08,LTIM,4630.0,4727.95,4617.3,4714.7,610010,0,Wednesday,8,39,6,27,True,False,True,False,120.44999999999982,2.62,True,2023-02-06,1,6,False,True,189.40000000000055,4.21,True,2023-02-09,2,6,True,True,107.89999999999964,2.35,True,True,353.5,8.09,True,False,54.05000000000018,1.24,True
2023-02-09,LTIM,4680.0,4741.5,4661.5,4695.65,553507,0,Thursday,9,40,7,28,False,True,False,True,-19.050000000000182,-0.4,False,2023-02-06,1,6,False,True,189.40000000000055,4.21,True,2023-02-09,2,6,True,True,107.89999999999964,2.35,True,True,353.5,8.09,True,False,54.05000000000018,1.24,True
2023-02-10,LTIM,4684.0,4700.0,4650.5,4691.6,252444,0,Friday,10,41,8,29,True,False,True,False,-4.049999999999272,-0.09,False,2023-02-06,1,6,False,True,189.40000000000055,4.21,True,2023-02-16,3,7,False,False,252.35000000000036,5.37,True,True,353.5,8.09,True,False,54.05000000000018,1.24,True
2023-02-13,LTIM,4690.0,4693.0,4552.0,4621.0,253166,0,Monday,13,44,9,30,False,True,False,True,-70.60000000000036,-1.5,False,2023-02-13,2,7,True,False,166.69999999999982,3.55,True,2023-02-16,3,7,False,False,252.35000000000036,5.37,True,True,353.5,8.09,True,False,54.05000000000018,1.24,True
2023-02-14,LTIM,4630.0,4715.0,4625.1,4636.65,318114,0,Tuesday,14,45,10,31,True,False,True,False,15.649999999999636,0.34,True,2023-02-13,2,7,True,False,166.69999999999982,3.55,True,2023-02-16,3,7,False,False,252.35000000000036,5.37,True,True,353.5,8.09,True,False,54.05000000000018,1.24,True
2023-02-15,LTIM,4654.8,4749.0,4587.0,4742.85,488248,0,Wednesday,15,46,11,32,False,True,False,True,106.20000000000073,2.29,True,2023-02-13,2,7,True,False,166.69999999999982,3.55,True,2023-02-16,3,7,False,False,252.35000000000036,5.37,True,True,353.5,8.09,True,False,54.05000000000018,1.24,True
2023-02-16,LTIM,4773.1,4975.05,4755.15,4948.0,994748,0,Thursday,16,47,12,33,True,False,True,False,205.14999999999964,4.33,True,2023-02-13,2,7,True,False,166.69999999999982,3.55,True,2023-02-16,3,7,False,False,252.35000000000036,5.37,True,True,353.5,8.09,True,False,54.05000000000018,1.24,True
2023-02-17,LTIM,4860.0,4908.0,4833.75,4858.3,396974,0,Friday,17,48,13,34,False,True,False,True,-89.69999999999982,-1.81,False,2023-02-13,2,7,True,False,166.69999999999982,3.55,True,2023-02-23,4,8,True,True,-94.39999999999964,-1.91,False,True,353.5,8.09,True,False,54.05000000000018,1.24,True
2023-02-20,LTIM,4858.3,4955.5,4841.0,4886.85,693618,0,Monday,20,51,14,35,True,False,True,False,28.550000000000182,0.59,True,2023-02-20,3,8,False,True,-4.75,-0.1,False,2023-02-23,4,8,True,True,-94.39999999999964,-1.91,False,True,353.5,8.09,True,False,54.05000000000018,1.24,True
2023-02-21,LTIM,4911.3,4923.8,4868.0,4878.9,410733,0,Tuesday,21,52,15,36,False,True,False,True,-7.950000000000728,-0.16,False,2023-02-20,3,8,False,True,-4.75,-0.1,False,2023-02-23,4,8,True,True,-94.39999999999964,-1.91,False,True,353.5,8.09,True,False,54.05000000000018,1.24,True
2023-02-22,LTIM,4815.0,4815.0,4758.0,4805.3,411601,0,Wednesday,22,53,16,37,True,False,True,False,-73.59999999999945,-1.51,False,2023-02-20,3,8,False,True,-4.75,-0.1,False,2023-02-23,4,8,True,True,-94.39999999999964,-1.91,False,True,353.5,8.09,True,False,54.05000000000018,1.24,True
2023-02-23,LTIM,4829.35,4869.1,4765.0,4853.6,422276,0,Thursday,23,54,17,38,False,True,False,True,48.30000000000018,1.01,True,2023-02-20,3,8,False,True,-4.75,-0.1,False,2023-02-23,4,8,True,True,-94.39999999999964,-1.91,False,True,353.5,8.09,True,False,54.05000000000018,1.24,True
2023-02-24,LTIM,4875.0,4947.3,4822.5,4853.55,344150,0,Friday,24,55,18,39,True,False,True,False,-0.0500000000001819,-0.0,False,2023-02-20,3,8,False,True,-4.75,-0.1,False,2023-03-02,1,9,False,False,-148.05000000000018,-3.05,False,True,353.5,8.09,True,False,54.05000000000018,1.24,True
2023-02-27,LTIM,4803.55,4837.7,4678.65,4775.0,479625,0,Monday,27,58,19,40,False,True,False,True,-78.55000000000018,-1.62,False,2023-02-27,4,9,True,False,-143.19999999999982,-2.95,False,2023-03-02,1,9,False,False,-148.05000000000018,-3.05,False,True,353.5,8.09,True,False,54.05000000000018,1.24,True
2023-02-28,LTIM,4781.0,4855.0,4698.0,4722.05,500908,0,Tuesday,28,59,20,41,True,False,True,False,-52.94999999999982,-1.11,False,2023-02-27,4,9,True,False,-143.19999999999982,-2.95,False,2023-03-02,1,9,False,False,-148.05000000000018,-3.05,False,True,353.5,8.09,True,False,54.05000000000018,1.24,True
2023-03-01,LTIM,4722.05,4770.0,4709.4,4743.8,290531,0,Wednesday,1,60,1,42,False,True,False,True,21.75,0.46,True,2023-02-27,4,9,True,False,-143.19999999999982,-2.95,False,2023-03-02,1,9,False,False,-148.05000000000018,-3.05,False,False,37.599999999999454,0.8,True,False,54.05000000000018,1.24,True
2023-03-02,LTIM,4705.0,4729.85,4650.0,4705.55,292898,0,Thursday,2,61,2,43,True,False,True,False,-38.25,-0.81,False,2023-02-27,4,9,True,False,-143.19999999999982,-2.95,False,2023-03-02,1,9,False,False,-148.05000000000018,-3.05,False,False,37.599999999999454,0.8,True,False,54.05000000000018,1.24,True
2023-03-03,LTIM,4729.1,4757.0,4686.05,4710.35,297149,0,Friday,3,62,3,44,False,True,False,True,4.800000000000182,0.1,True,2023-02-27,4,9,True,False,-143.19999999999982,-2.95,False,2023-03-09,2,10,True,True,32.44999999999982,0.69,True,False,37.599999999999454,0.8,True,False,54.05000000000018,1.24,True
2023-03-06,LTIM,4760.95,4845.0,4755.0,4821.2,385377,0,Monday,6,65,4,45,True,False,True,False,110.84999999999945,2.35,True,2023-03-06,1,10,False,True,-70.25,-1.49,False,2023-03-09,2,10,True,True,32.44999999999982,0.69,True,False,37.599999999999454,0.8,True,False,54.05000000000018,1.24,True
2023-03-08,LTIM,4777.0,4798.15,4725.0,4781.45,191475,0,Wednesday,8,67,5,46,True,False,False,True,-39.75,-0.82,False,2023-03-06,1,10,False,True,-70.25,-1.49,False,2023-03-09,2,10,True,True,32.44999999999982,0.69,True,False,37.599999999999454,0.8,True,False,54.05000000000018,1.24,True
2023-03-09,LTIM,4780.0,4819.0,4720.0,4738.0,225194,0,Thursday,9,68,6,47,False,True,True,False,-43.44999999999982,-0.91,False,2023-03-06,1,10,False,True,-70.25,-1.49,False,2023-03-09,2,10,True,True,32.44999999999982,0.69,True,False,37.599999999999454,0.8,True,False,54.05000000000018,1.24,True
2023-03-10,LTIM,4680.0,4680.0,4600.1,4640.1,331578,0,Friday,10,69,7,48,True,False,False,True,-97.89999999999964,-2.07,False,2023-03-06,1,10,False,True,-70.25,-1.49,False,2023-03-16,3,11,False,False,-184.94999999999982,-3.9,False,False,37.599999999999454,0.8,True,False,54.05000000000018,1.24,True
2023-03-13,LTIM,4642.95,4716.15,4602.85,4616.0,248598,0,Monday,13,72,8,49,False,True,True,False,-24.100000000000364,-0.52,False,2023-03-13,2,11,True,False,33.849999999999454,0.73,True,2023-03-16,3,11,False,False,-184.94999999999982,-3.9,False,False,37.599999999999454,0.8,True,False,54.05000000000018,1.24,True
2023-03-14,LTIM,4590.0,4652.3,4483.1,4566.95,410671,0,Tuesday,14,73,9,50,True,False,False,True,-49.05000000000018,-1.06,False,2023-03-13,2,11,True,False,33.849999999999454,0.73,True,2023-03-16,3,11,False,False,-184.94999999999982,-3.9,False,False,37.599999999999454,0.8,True,False,54.05000000000018,1.24,True
2023-03-15,LTIM,4581.0,4680.0,4565.9,4592.3,320108,0,Wednesday,15,74,10,51,False,True,True,False,25.350000000000364,0.56,True,2023-03-13,2,11,True,False,33.849999999999454,0.73,True,2023-03-16,3,11,False,False,-184.94999999999982,-3.9,False,False,37.599999999999454,0.8,True,False,54.05000000000018,1.24,True
2023-03-16,LTIM,4580.0,4604.85,4480.0,4553.05,416508,0,Thursday,16,75,11,52,True,False,False,True,-39.25,-0.85,False,2023-03-13,2,11,True,False,33.849999999999454,0.73,True,2023-03-16,3,11,False,False,-184.94999999999982,-3.9,False,False,37.599999999999454,0.8,True,False,54.05000000000018,1.24,True
2023-03-17,LTIM,4640.0,4785.0,4621.35,4673.95,1180000,0,Friday,17,76,12,53,False,True,True,False,120.89999999999964,2.66,True,2023-03-13,2,11,True,False,33.849999999999454,0.73,True,2023-03-23,4,12,True,True,48.849999999999454,1.07,True,False,37.599999999999454,0.8,True,False,54.05000000000018,1.24,True
2023-03-20,LTIM,4561.0,4707.0,4561.0,4678.25,317984,0,Monday,20,79,13,54,True,False,False,True,4.300000000000182,0.09,True,2023-03-20,3,12,False,True,-72.5,-1.55,False,2023-03-23,4,12,True,True,48.849999999999454,1.07,True,False,37.599999999999454,0.8,True,False,54.05000000000018,1.24,True
2023-03-21,LTIM,4694.0,4723.9,4647.25,4674.1,332833,0,Tuesday,21,80,14,55,False,True,True,False,-4.149999999999636,-0.09,False,2023-03-20,3,12,False,True,-72.5,-1.55,False,2023-03-23,4,12,True,True,48.849999999999454,1.07,True,False,37.599999999999454,0.8,True,False,54.05000000000018,1.24,True
2023-03-22,LTIM,4714.95,4795.0,4633.5,4649.75,409812,0,Wednesday,22,81,15,56,True,False,False,True,-24.350000000000364,-0.52,False,2023-03-20,3,12,False,True,-72.5,-1.55,False,2023-03-23,4,12,True,True,48.849999999999454,1.07,True,False,37.599999999999454,0.8,True,False,54.05000000000018,1.24,True
2023-03-23,LTIM,4611.0,4648.0,4542.5,4601.9,400901,0,Thursday,23,82,16,57,False,True,True,False,-47.850000000000364,-1.03,False,2023-03-20,3,12,False,True,-72.5,-1.55,False,2023-03-23,4,12,True,True,48.849999999999454,1.07,True,False,37.599999999999454,0.8,True,False,54.05000000000018,1.24,True
2023-03-24,LTIM,4648.0,4713.0,4588.9,4601.45,477503,0,Friday,24,83,17,58,True,False,False,True,-0.4499999999998181,-0.01,False,2023-03-20,3,12,False,True,-72.5,-1.55,False,2023-03-30,5,13,False,False,18.650000000000546,0.41,True,False,37.599999999999454,0.8,True,False,54.05000000000018,1.24,True
2023-03-27,LTIM,4620.0,4663.45,4550.0,4557.7,249140,0,Monday,27,86,18,59,False,True,True,False,-43.75,-0.95,False,2023-03-27,4,13,True,False,158.19999999999982,3.44,True,2023-03-30,5,13,False,False,18.650000000000546,0.41,True,False,37.599999999999454,0.8,True,False,54.05000000000018,1.24,True
2023-03-28,LTIM,4568.95,4612.45,4516.1,4554.9,313376,0,Tuesday,28,87,19,60,True,False,False,True,-2.800000000000182,-0.06,False,2023-03-27,4,13,True,False,158.19999999999982,3.44,True,2023-03-30,5,13,False,False,18.650000000000546,0.41,True,False,37.599999999999454,0.8,True,False,54.05000000000018,1.24,True
2023-03-29,LTIM,4567.0,4662.95,4548.85,4620.55,333288,0,Wednesday,29,88,20,61,False,True,True,False,65.65000000000055,1.44,True,2023-03-27,4,13,True,False,158.19999999999982,3.44,True,2023-03-30,5,13,False,False,18.650000000000546,0.41,True,False,37.599999999999454,0.8,True,False,54.05000000000018,1.24,True
2023-03-31,LTIM,4640.0,4777.7,4632.0,4759.65,328337,0,Friday,31,90,21,62,False,True,False,True,139.09999999999945,3.01,True,2023-03-27,4,13,True,False,158.19999999999982,3.44,True,2023-04-06,1,14,False,True,152.69999999999982,3.3,True,False,37.599999999999454,0.8,True,False,54.05000000000018,1.24,True
2023-04-03,LTIM,4760.0,4779.0,4700.0,4739.85,257102,0,Monday,3,93,1,63,False,False,False,False,-19.799999999999272,-0.42,False,2023-04-03,1,14,False,True,13.600000000000364,0.29,True,2023-04-06,1,14,False,True,152.69999999999982,3.3,True,True,-340.1999999999998,-7.15,False,False,54.05000000000018,1.24,True
2023-04-05,LTIM,4739.0,4848.0,4710.8,4833.45,430407,0,Wednesday,5,95,2,64,False,False,True,True,93.59999999999945,1.97,True,2023-04-03,1,14,False,True,13.600000000000364,0.29,True,2023-04-06,1,14,False,True,152.69999999999982,3.3,True,True,-340.1999999999998,-7.15,False,False,54.05000000000018,1.24,True
2023-04-06,LTIM,4840.0,4840.0,4751.7,4773.25,192083,0,Thursday,6,96,3,65,True,True,False,False,-60.19999999999982,-1.25,False,2023-04-03,1,14,False,True,13.600000000000364,0.29,True,2023-04-06,1,14,False,True,152.69999999999982,3.3,True,True,-340.1999999999998,-7.15,False,False,54.05000000000018,1.24,True
2023-04-10,LTIM,4784.0,4808.5,4754.0,4797.4,220328,0,Monday,10,100,4,66,True,True,True,True,24.149999999999636,0.51,True,2023-04-10,2,15,True,False,-126.85000000000036,-2.66,False,2023-04-13,2,15,True,False,-126.85000000000036,-2.66,False,True,-340.1999999999998,-7.15,False,False,54.05000000000018,1.24,True
2023-04-11,LTIM,4800.0,4800.0,4726.2,4772.4,186260,0,Tuesday,11,101,5,67,False,False,False,False,-25.0,-0.52,False,2023-04-10,2,15,True,False,-126.85000000000036,-2.66,False,2023-04-13,2,15,True,False,-126.85000000000036,-2.66,False,True,-340.1999999999998,-7.15,False,False,54.05000000000018,1.24,True
2023-04-12,LTIM,4774.95,4837.0,4750.0,4827.7,327375,0,Wednesday,12,102,6,68,True,True,True,True,55.30000000000018,1.16,True,2023-04-10,2,15,True,False,-126.85000000000036,-2.66,False,2023-04-13,2,15,True,False,-126.85000000000036,-2.66,False,True,-340.1999999999998,-7.15,False,False,54.05000000000018,1.24,True
2023-04-13,LTIM,4790.0,4790.0,4615.55,4646.4,912484,0,Thursday,13,103,7,69,False,False,False,False,-181.30000000000018,-3.76,False,2023-04-10,2,15,True,False,-126.85000000000036,-2.66,False,2023-04-13,2,15,True,False,-126.85000000000036,-2.66,False,True,-340.1999999999998,-7.15,False,False,54.05000000000018,1.24,True
2023-04-17,LTIM,4482.0,4490.0,4181.8,4332.6,1763639,0,Monday,17,107,8,70,False,False,True,True,-313.7999999999993,-6.75,False,2023-04-17,3,16,False,True,-475.5499999999993,-10.23,False,2023-04-20,3,16,False,True,-493.5499999999993,-10.62,False,True,-340.1999999999998,-7.15,False,False,54.05000000000018,1.24,True
2023-04-18,LTIM,4362.85,4365.0,4235.4,4318.6,771432,0,Tuesday,18,108,9,71,True,True,False,False,-14.0,-0.32,False,2023-04-17,3,16,False,True,-475.5499999999993,-10.23,False,2023-04-20,3,16,False,True,-493.5499999999993,-10.62,False,True,-340.1999999999998,-7.15,False,False,54.05000000000018,1.24,True
2023-04-19,LTIM,4318.6,4360.0,4178.05,4194.55,823131,0,Wednesday,19,109,10,72,False,False,True,True,-124.05000000000018,-2.87,False,2023-04-17,3,16,False,True,-475.5499999999993,-10.23,False,2023-04-20,3,16,False,True,-493.5499999999993,-10.62,False,True,-340.1999999999998,-7.15,False,False,54.05000000000018,1.24,True
2023-04-20,LTIM,4194.0,4241.95,4136.1,4152.85,548732,0,Thursday,20,110,11,73,True,True,False,False,-41.69999999999982,-0.99,False,2023-04-17,3,16,False,True,-475.5499999999993,-10.23,False,2023-04-20,3,16,False,True,-493.5499999999993,-10.62,False,True,-340.1999999999998,-7.15,False,False,54.05000000000018,1.24,True
2023-04-21,LTIM,4162.15,4213.9,4132.2,4170.85,480473,0,Friday,21,111,12,74,False,False,True,True,18.0,0.43,True,2023-04-17,3,16,False,True,-475.5499999999993,-10.23,False,2023-04-27,4,17,True,False,167.29999999999927,4.03,True,True,-340.1999999999998,-7.15,False,False,54.05000000000018,1.24,True
2023-04-24,LTIM,4199.0,4212.3,4148.2,4183.45,280999,0,Monday,24,114,13,75,True,True,False,False,12.599999999999454,0.3,True,2023-04-24,4,17,True,False,248.59999999999945,5.96,True,2023-04-27,4,17,True,False,167.29999999999927,4.03,True,True,-340.1999999999998,-7.15,False,False,54.05000000000018,1.24,True
2023-04-25,LTIM,4210.0,4219.95,4175.45,4186.4,299754,0,Tuesday,25,115,14,76,False,False,True,True,2.949999999999818,0.07,True,2023-04-24,4,17,True,False,248.59999999999945,5.96,True,2023-04-27,4,17,True,False,167.29999999999927,4.03,True,True,-340.1999999999998,-7.15,False,False,54.05000000000018,1.24,True
2023-04-26,LTIM,4180.0,4217.05,4153.05,4160.15,496132,0,Wednesday,26,116,15,77,True,True,False,False,-26.25,-0.63,False,2023-04-24,4,17,True,False,248.59999999999945,5.96,True,2023-04-27,4,17,True,False,167.29999999999927,4.03,True,True,-340.1999999999998,-7.15,False,False,54.05000000000018,1.24,True
2023-04-27,LTIM,4185.0,4351.65,4163.35,4320.15,888098,0,Thursday,27,117,16,78,False,False,True,True,160.0,3.85,True,2023-04-24,4,17,True,False,248.59999999999945,5.96,True,2023-04-27,4,17,True,False,167.29999999999927,4.03,True,True,-340.1999999999998,-7.15,False,False,54.05000000000018,1.24,True
2023-04-28,LTIM,4335.0,4443.45,4284.45,4419.45,1138300,0,Friday,28,118,17,79,True,True,False,False,99.30000000000018,2.3,True,2023-04-24,4,17,True,False,248.59999999999945,5.96,True,2023-05-04,1,18,False,True,99.30000000000018,2.3,True,True,-340.1999999999998,-7.15,False,False,54.05000000000018,1.24,True
