Date,Ticker,Open,High,Low,Close,Volume,OpenInterest,Weekday,WeekNumberMonthly,WeekNumberYearly,EvenWeekNumberMonthly,EvenWeekNumberYearly,ReturnPoints,ReturnPercentage,PositiveWeek,EvenMonth,MonthlyReturnPoints,MonthlyReturnPercentage,PositiveMonth,EvenYear,YearlyReturnPoints,YearlyReturnPercentage,PositiveYear
2019-04-15,METROPOLIS,958.0,1005.6,935.0,970.45,8813550,316423968,Monday,,,False,False,,,False,True,,,False,False,,,False
2019-04-22,METROPOLIS,963.0,977.4,935.0,948.8,507169,38470044,Monday,,,False,False,-21.65000000000009,-2.23,False,True,,,False,False,,,False
2019-04-29,METROPOLIS,941.0,959.4,927.1,950.15,157275,29805256,Monday,,,False,False,1.3500000000000227,0.14,True,True,,,False,False,,,False
2019-05-06,METROPOLIS,933.1,952.4,925.05,946.0,267133,37360376,Monday,1,,False,False,-4.149999999999977,-0.44,False,False,18.600000000000023,1.96,True,False,,,False
2019-05-13,METROPOLIS,947.85,947.85,907.0,919.95,408168,62959540,Monday,2,,True,False,-26.049999999999955,-2.75,False,False,18.600000000000023,1.96,True,False,,,False
2019-05-20,METROPOLIS,928.0,980.0,919.0,950.0,297821,11818950,Monday,3,,False,False,30.049999999999955,3.27,True,False,18.600000000000023,1.96,True,False,,,False
2019-05-27,METROPOLIS,955.0,978.0,945.15,966.45,266151,178236576,Monday,4,,True,False,16.450000000000045,1.73,True,False,18.600000000000023,1.96,True,False,,,False
2019-06-03,METROPOLIS,960.35,974.85,950.8,963.15,109967,13569821,Monday,1,,False,False,-3.300000000000068,-0.34,False,True,4.849999999999909,0.5,True,False,,,False
2019-06-10,METROPOLIS,962.0,980.0,927.4,973.6,91693,13208831,Monday,2,,True,False,10.450000000000045,1.08,True,True,4.849999999999909,0.5,True,False,,,False
2019-06-17,METROPOLIS,961.0,995.95,930.0,991.5,175278,23123764,Monday,3,,False,False,17.899999999999977,1.84,True,True,4.849999999999909,0.5,True,False,,,False
2019-06-24,METROPOLIS,980.0,989.85,948.05,971.3,63119,17797130,Monday,4,,True,False,-20.200000000000045,-2.04,False,True,4.849999999999909,0.5,True,False,,,False
2019-07-01,METROPOLIS,965.0,1005.7,946.15,977.4,128284,22356070,Monday,1,,False,False,6.100000000000023,0.63,True,False,47.65000000000009,4.91,True,False,,,False
2019-07-08,METROPOLIS,977.4,1080.0,953.0,1068.2,221193,92784912,Monday,2,,True,False,90.80000000000007,9.29,True,False,47.65000000000009,4.91,True,False,,,False
2019-07-15,METROPOLIS,1064.0,1064.0,1010.0,1031.3,59938,14054557,Monday,3,,False,False,-36.90000000000009,-3.45,False,False,47.65000000000009,4.91,True,False,,,False
2019-07-22,METROPOLIS,1031.3,1068.75,1005.0,1012.2,62515,12197010,Monday,4,,True,False,-19.09999999999991,-1.85,False,False,47.65000000000009,4.91,True,False,,,False
2019-07-29,METROPOLIS,1014.95,1049.8,995.0,1030.3,63639,4062473,Monday,5,,False,False,18.09999999999991,1.79,True,False,47.65000000000009,4.91,True,False,,,False
2019-08-05,METROPOLIS,1010.8,1075.0,1005.0,1060.9,76691,11423771,Monday,1,,False,False,30.600000000000136,2.97,True,True,143.04999999999995,14.04,True,False,,,False
2019-08-12,METROPOLIS,1079.0,1079.0,1015.0,1027.6,24063,11465961,Monday,2,,True,False,-33.30000000000018,-3.14,False,True,143.04999999999995,14.04,True,False,,,False
2019-08-19,METROPOLIS,1015.15,1057.5,1005.0,1044.3,232878,151596864,Monday,3,,False,False,16.700000000000045,1.63,True,True,143.04999999999995,14.04,True,False,,,False
2019-08-26,METROPOLIS,1036.85,1174.0,1025.15,1162.0,375773,135427616,Monday,4,,True,False,117.70000000000005,11.27,True,True,143.04999999999995,14.04,True,False,,,False
2019-09-02,METROPOLIS,1162.0,1240.0,1142.3,1194.25,181185,16278822,Monday,1,,False,False,32.25,2.78,True,False,110.79999999999995,9.54,True,False,,,False
2019-09-09,METROPOLIS,1196.2,1360.0,1170.0,1275.4,204991,33507310,Monday,2,,True,False,81.15000000000009,6.8,True,False,110.79999999999995,9.54,True,False,,,False
2019-09-16,METROPOLIS,1285.0,1292.0,1218.0,1249.4,116799,70754776,Monday,3,,False,False,-26.0,-2.04,False,False,110.79999999999995,9.54,True,False,,,False
2019-09-23,METROPOLIS,1298.95,1340.0,1269.0,1277.45,240355,14753269,Monday,4,,True,False,28.049999999999955,2.25,True,False,110.79999999999995,9.54,True,False,,,False
2019-09-30,METROPOLIS,1277.45,1287.0,1218.7,1229.6,93434,13673152,Monday,5,,False,False,-47.850000000000136,-3.75,False,False,110.79999999999995,9.54,True,False,,,False
2019-10-07,METROPOLIS,1242.1,1300.0,1225.75,1284.2,287081,81467080,Monday,1,,False,False,54.600000000000136,4.44,True,True,174.35000000000014,13.7,True,False,,,False
2019-10-14,METROPOLIS,1270.95,1409.95,1262.85,1364.4,133108,92814680,Monday,2,,True,False,80.20000000000005,6.25,True,True,174.35000000000014,13.7,True,False,,,False
2019-10-21,METROPOLIS,1372.6,1475.9,1330.0,1459.15,190743,40441804,Monday,3,,False,False,94.75,6.94,True,True,174.35000000000014,13.7,True,False,,,False
2019-10-28,METROPOLIS,1462.0,1480.0,1395.0,1430.2,107867,22303968,Monday,4,,True,False,-28.950000000000045,-1.98,False,True,174.35000000000014,13.7,True,False,,,False
2019-11-04,METROPOLIS,1438.0,1488.0,1336.6,1357.1,107302,53864656,Monday,1,,False,False,-73.10000000000014,-5.11,False,False,-52.40000000000009,-3.62,False,False,,,False
2019-11-11,METROPOLIS,1385.0,1434.95,1363.8,1377.2,199108,41733292,Monday,2,,True,False,20.100000000000136,1.48,True,False,-52.40000000000009,-3.62,False,False,,,False
2019-11-18,METROPOLIS,1380.0,1460.0,1380.0,1424.85,185717,24316490,Monday,3,,False,False,47.649999999999864,3.46,True,False,-52.40000000000009,-3.62,False,False,,,False
2019-11-25,METROPOLIS,1432.7,1442.95,1345.0,1394.75,336571,24484836,Monday,4,,True,False,-30.09999999999991,-2.11,False,False,-52.40000000000009,-3.62,False,False,,,False
2019-12-02,METROPOLIS,1385.0,1408.4,1350.0,1358.3,109124,27011154,Monday,1,,False,False,-36.450000000000045,-2.61,False,True,56.799999999999955,4.07,True,False,,,False
2019-12-09,METROPOLIS,1358.3,1365.0,1250.0,1294.8,219696,56312148,Monday,2,,True,False,-63.5,-4.67,False,True,56.799999999999955,4.07,True,False,,,False
2019-12-16,METROPOLIS,1275.55,1338.0,1275.1,1320.75,249117,81669896,Monday,3,,False,False,25.950000000000045,2.0,True,True,56.799999999999955,4.07,True,False,,,False
2019-12-23,METROPOLIS,1325.0,1434.5,1302.6,1420.65,129101,38380280,Monday,4,,True,False,99.90000000000009,7.56,True,True,56.799999999999955,4.07,True,False,,,False
2019-12-30,METROPOLIS,1410.0,1468.0,1395.0,1403.8,98169,20986810,Monday,5,,False,False,-16.850000000000136,-1.19,False,True,56.799999999999955,4.07,True,False,,,False
2020-01-06,METROPOLIS,1385.55,1638.0,1340.0,1622.3,424106,124795432,Monday,1,1,False,False,218.5,15.56,True,False,203.04999999999995,13.99,True,True,509.75,35.12,True
2020-01-13,METROPOLIS,1629.0,1719.95,1605.4,1653.1,204973,55704508,Monday,2,2,True,True,30.799999999999955,1.9,True,False,203.04999999999995,13.99,True,True,509.75,35.12,True
2020-01-20,METROPOLIS,1667.25,1707.2,1615.0,1675.05,143128,53045484,Monday,3,3,False,False,21.950000000000045,1.33,True,False,203.04999999999995,13.99,True,True,509.75,35.12,True
2020-01-27,METROPOLIS,1710.0,1730.0,1625.0,1662.75,156472,45900212,Monday,4,4,True,True,-12.299999999999955,-0.73,False,False,203.04999999999995,13.99,True,True,509.75,35.12,True
2020-02-03,METROPOLIS,1650.0,1725.0,1515.0,1660.5,252715,162704096,Monday,1,5,False,False,-2.25,-0.14,False,True,195.95000000000005,11.84,True,True,509.75,35.12,True
2020-02-10,METROPOLIS,1660.0,1950.0,1585.55,1769.65,445659,99806488,Monday,2,6,True,True,109.15000000000009,6.57,True,True,195.95000000000005,11.84,True,True,509.75,35.12,True
2020-02-17,METROPOLIS,1771.0,1891.95,1720.0,1827.65,196136,70380976,Monday,3,7,False,False,58.0,3.28,True,True,195.95000000000005,11.84,True,True,509.75,35.12,True
2020-02-24,METROPOLIS,1815.0,1925.0,1730.05,1850.55,254611,153021984,Monday,4,8,True,True,22.899999999999864,1.25,True,True,195.95000000000005,11.84,True,True,509.75,35.12,True
2020-03-02,METROPOLIS,1890.0,2109.0,1735.25,1762.55,715143,175019456,Monday,1,9,False,False,-88.0,-4.76,False,False,-566.0999999999999,-30.59,False,True,509.75,35.12,True
2020-03-09,METROPOLIS,1735.0,1750.0,1510.0,1683.9,407411,109251432,Monday,2,10,True,True,-78.64999999999986,-4.46,False,False,-566.0999999999999,-30.59,False,True,509.75,35.12,True
2020-03-16,METROPOLIS,1664.9,1800.05,1457.45,1553.6,369008,109935840,Monday,3,11,False,False,-130.30000000000018,-7.74,False,False,-566.0999999999999,-30.59,False,True,509.75,35.12,True
2020-03-23,METROPOLIS,1355.55,1640.0,998.05,1372.65,894454,75140232,Monday,4,12,True,True,-180.94999999999982,-11.65,False,False,-566.0999999999999,-30.59,False,True,509.75,35.12,True
2020-03-30,METROPOLIS,1370.0,1370.0,1202.7,1233.9,313041,46028172,Monday,5,13,False,False,-138.75,-10.11,False,False,-566.0999999999999,-30.59,False,True,509.75,35.12,True
2020-04-06,METROPOLIS,1279.95,1383.0,1240.45,1361.05,273822,161537584,Monday,1,14,False,True,127.14999999999986,10.3,True,True,-21.799999999999955,-1.7,False,True,509.75,35.12,True
2020-04-13,METROPOLIS,1335.1,1371.25,1165.65,1252.05,5988686,381200416,Monday,2,15,True,False,-109.0,-8.01,False,True,-21.799999999999955,-1.7,False,True,509.75,35.12,True
2020-04-20,METROPOLIS,1256.0,1268.0,1181.05,1194.25,1288375,101012056,Monday,3,16,False,True,-57.799999999999955,-4.62,False,True,-21.799999999999955,-1.7,False,True,509.75,35.12,True
2020-04-27,METROPOLIS,1195.0,1300.9,1151.0,1262.65,693685,235075136,Monday,4,17,True,False,68.40000000000009,5.73,True,True,-21.799999999999955,-1.7,False,True,509.75,35.12,True
2020-05-04,METROPOLIS,1245.0,1264.8,1176.0,1204.25,455297,146021328,Monday,1,18,False,True,-58.40000000000009,-4.63,False,False,122.29999999999995,9.69,True,True,509.75,35.12,True
2020-05-11,METROPOLIS,1206.0,1291.0,1190.0,1283.5,671330,94676096,Monday,2,19,True,False,79.25,6.58,True,False,122.29999999999995,9.69,True,True,509.75,35.12,True
2020-05-18,METROPOLIS,1294.0,1295.8,1233.65,1282.5,336205,67218392,Monday,3,20,False,True,-1.0,-0.08,False,False,122.29999999999995,9.69,True,True,509.75,35.12,True
2020-05-25,METROPOLIS,1282.5,1399.0,1242.0,1384.95,332835,157434192,Monday,4,21,True,False,102.45000000000005,7.99,True,False,122.29999999999995,9.69,True,True,509.75,35.12,True
2020-06-01,METROPOLIS,1381.0,1492.95,1356.65,1453.6,404561,116506040,Monday,1,22,False,True,68.64999999999986,4.96,True,True,-25.65000000000009,-1.85,False,True,509.75,35.12,True
2020-06-08,METROPOLIS,1470.0,1547.9,1360.0,1452.75,347345,153201200,Monday,2,23,True,False,-0.849999999999909,-0.06,False,True,-25.65000000000009,-1.85,False,True,509.75,35.12,True
2020-06-15,METROPOLIS,1442.0,1487.95,1411.55,1479.35,378677,131085200,Monday,3,24,False,True,26.59999999999991,1.83,True,True,-25.65000000000009,-1.85,False,True,509.75,35.12,True
2020-06-22,METROPOLIS,1478.0,1492.2,1386.3,1406.3,1767572,62182368,Monday,4,25,True,False,-73.04999999999995,-4.94,False,True,-25.65000000000009,-1.85,False,True,509.75,35.12,True
2020-06-29,METROPOLIS,1418.7,1418.7,1338.9,1358.55,1022066,202175344,Monday,5,26,False,True,-47.75,-3.4,False,True,-25.65000000000009,-1.85,False,True,509.75,35.12,True
2020-07-06,METROPOLIS,1370.25,1500.0,1365.0,1485.7,550581,149690208,Monday,1,27,False,False,127.15000000000009,9.36,True,False,214.85000000000014,15.81,True,True,509.75,35.12,True
2020-07-13,METROPOLIS,1521.85,1612.65,1486.1,1509.3,610023,123598088,Monday,2,28,True,True,23.59999999999991,1.59,True,False,214.85000000000014,15.81,True,True,509.75,35.12,True
2020-07-20,METROPOLIS,1530.0,1580.05,1421.25,1554.35,445662,83638016,Monday,3,29,False,False,45.049999999999955,2.98,True,False,214.85000000000014,15.81,True,True,509.75,35.12,True
2020-07-27,METROPOLIS,1566.35,1646.0,1515.05,1574.15,370800,79028624,Monday,4,30,True,True,19.800000000000182,1.27,True,False,214.85000000000014,15.81,True,True,509.75,35.12,True
2020-08-03,METROPOLIS,1548.95,1681.7,1530.0,1656.1,673881,144613968,Monday,1,31,False,False,81.94999999999982,5.21,True,True,264.5,16.8,True,True,509.75,35.12,True
2020-08-10,METROPOLIS,1679.0,1780.0,1515.2,1674.3,839942,99791632,Monday,2,32,True,True,18.200000000000045,1.1,True,True,264.5,16.8,True,True,509.75,35.12,True
2020-08-17,METROPOLIS,1693.7,1810.0,1645.0,1750.8,483236,152344112,Monday,3,33,False,False,76.5,4.57,True,True,264.5,16.8,True,True,509.75,35.12,True
2020-08-24,METROPOLIS,1769.65,1918.0,1763.8,1836.15,624728,84820952,Monday,4,34,True,True,85.35000000000014,4.87,True,True,264.5,16.8,True,True,509.75,35.12,True
2020-08-31,METROPOLIS,1855.0,1912.0,1742.45,1785.85,657869,101630936,Monday,5,35,False,False,-50.30000000000018,-2.74,False,True,264.5,16.8,True,True,509.75,35.12,True
2020-09-07,METROPOLIS,1800.0,1819.1,1701.35,1755.7,430623,128959672,Monday,1,36,False,True,-30.149999999999864,-1.69,False,False,-44.600000000000136,-2.43,False,True,509.75,35.12,True
2020-09-14,METROPOLIS,1795.0,2040.0,1761.3,1868.0,1012654,704490048,Monday,2,37,True,False,112.29999999999995,6.4,True,False,-44.600000000000136,-2.43,False,True,509.75,35.12,True
2020-09-21,METROPOLIS,1880.2,1910.3,1675.0,1752.6,858302,877838784,Monday,3,38,False,True,-115.40000000000009,-6.18,False,False,-44.600000000000136,-2.43,False,True,509.75,35.12,True
2020-09-28,METROPOLIS,1779.8,1900.0,1757.9,1786.25,257226,52042392,Monday,4,39,True,False,33.65000000000009,1.92,True,False,-44.600000000000136,-2.43,False,True,509.75,35.12,True
2020-10-05,METROPOLIS,1834.8,2144.9,1820.05,1966.95,1294339,316779264,Monday,1,40,False,True,180.70000000000005,10.12,True,True,173.45000000000005,9.67,True,True,509.75,35.12,True
2020-10-12,METROPOLIS,1989.0,2031.95,1862.1,1884.4,489102,188880960,Monday,2,41,True,False,-82.54999999999995,-4.2,False,True,173.45000000000005,9.67,True,True,509.75,35.12,True
2020-10-19,METROPOLIS,1903.25,1960.0,1852.6,1938.05,333398,51083124,Monday,3,42,False,True,53.649999999999864,2.85,True,True,173.45000000000005,9.67,True,True,509.75,35.12,True
2020-10-26,METROPOLIS,1938.0,2021.4,1862.0,1967.5,389899,132493416,Monday,4,43,True,False,29.450000000000045,1.52,True,True,173.45000000000005,9.67,True,True,509.75,35.12,True
2020-11-02,METROPOLIS,1965.0,2019.0,1903.65,1980.7,400159,175097840,Monday,1,44,False,True,13.200000000000045,0.67,True,False,266.9000000000001,13.57,True,True,509.75,35.12,True
2020-11-09,METROPOLIS,1995.0,2009.05,1821.5,1936.35,570831,11635527,Monday,2,45,True,False,-44.350000000000136,-2.24,False,False,266.9000000000001,13.57,True,True,509.75,35.12,True
2020-11-16,METROPOLIS,1951.0,2144.0,1936.0,2136.65,454083,322185440,Monday,3,46,False,True,200.30000000000018,10.34,True,False,266.9000000000001,13.57,True,True,509.75,35.12,True
2020-11-23,METROPOLIS,2151.0,2323.0,2151.0,2234.4,807638,265229968,Monday,4,47,True,False,97.75,4.57,True,False,266.9000000000001,13.57,True,True,509.75,35.12,True
2020-11-30,METROPOLIS,2235.5,2264.95,1988.0,1995.05,553773,463671584,Monday,5,48,False,True,-239.35000000000014,-10.71,False,False,266.9000000000001,13.57,True,True,509.75,35.12,True
2020-12-07,METROPOLIS,2010.0,2021.7,1944.05,1990.4,488849,122405624,Monday,1,49,False,False,-4.649999999999864,-0.23,False,True,-273.10000000000014,-12.22,False,True,509.75,35.12,True
2020-12-14,METROPOLIS,1996.85,1999.0,1870.0,1874.8,845041,778698176,Monday,2,50,True,True,-115.60000000000014,-5.81,False,True,-273.10000000000014,-12.22,False,True,509.75,35.12,True
2020-12-21,METROPOLIS,1882.5,1975.0,1822.0,1949.1,523571,153721616,Monday,3,51,False,False,74.29999999999995,3.96,True,True,-273.10000000000014,-12.22,False,True,509.75,35.12,True
2020-12-28,METROPOLIS,1955.0,2049.0,1935.65,2015.0,340204,197663440,Monday,4,52,True,True,65.90000000000009,3.38,True,True,-273.10000000000014,-12.22,False,True,509.75,35.12,True
2021-01-04,METROPOLIS,2034.95,2149.0,2015.0,2114.6,521944,217044672,Monday,1,1,False,False,99.59999999999991,4.94,True,False,102.04999999999995,5.2,True,False,1479.6000000000001,75.44,True
2021-01-11,METROPOLIS,2120.0,2224.0,2100.05,2163.3,447193,285492864,Monday,2,2,True,True,48.70000000000027,2.3,True,False,102.04999999999995,5.2,True,False,1479.6000000000001,75.44,True
2021-01-18,METROPOLIS,2214.95,2320.0,2115.55,2184.5,517102,119059616,Monday,3,3,False,False,21.199999999999818,0.98,True,False,102.04999999999995,5.2,True,False,1479.6000000000001,75.44,True
2021-01-25,METROPOLIS,2206.0,2206.0,2003.05,2063.35,501152,40140412,Monday,4,4,True,True,-121.15000000000009,-5.55,False,False,102.04999999999995,5.2,True,False,1479.6000000000001,75.44,True
2021-02-01,METROPOLIS,2090.0,2295.0,2021.45,2166.1,531430,90733600,Monday,1,5,False,False,102.75,4.98,True,True,-104.04999999999995,-5.04,False,False,1479.6000000000001,75.44,True
2021-02-08,METROPOLIS,2169.3,2298.0,2030.1,2039.3,293622,118644440,Monday,2,6,True,True,-126.79999999999995,-5.85,False,True,-104.04999999999995,-5.04,False,False,1479.6000000000001,75.44,True
2021-02-15,METROPOLIS,2045.0,2074.7,1915.0,1970.65,787470,151702608,Monday,3,7,False,False,-68.64999999999986,-3.37,False,True,-104.04999999999995,-5.04,False,False,1479.6000000000001,75.44,True
2021-02-22,METROPOLIS,1989.8,2030.0,1935.0,1959.3,317295,78673736,Monday,4,8,True,True,-11.350000000000136,-0.58,False,True,-104.04999999999995,-5.04,False,False,1479.6000000000001,75.44,True
2021-03-01,METROPOLIS,1999.8,1999.8,1891.1,1928.6,521325,194030656,Monday,1,9,False,False,-30.700000000000045,-1.57,False,False,281.89999999999986,14.39,True,False,1479.6000000000001,75.44,True
2021-03-08,METROPOLIS,1949.0,1956.0,1888.0,1906.55,436210,222654544,Monday,2,10,True,True,-22.049999999999955,-1.14,False,False,281.89999999999986,14.39,True,False,1479.6000000000001,75.44,True
2021-03-15,METROPOLIS,1935.0,1943.45,1848.0,1919.25,693928,497471520,Monday,3,11,False,False,12.700000000000045,0.67,True,False,281.89999999999986,14.39,True,False,1479.6000000000001,75.44,True
2021-03-22,METROPOLIS,1935.85,2097.7,1907.0,2079.25,670516,215241888,Monday,4,12,True,True,160.0,8.34,True,False,281.89999999999986,14.39,True,False,1479.6000000000001,75.44,True
2021-03-29,METROPOLIS,2111.0,2348.0,2100.1,2159.65,604668,254495312,Monday,5,13,False,False,80.40000000000009,3.87,True,False,281.89999999999986,14.39,True,False,1479.6000000000001,75.44,True
2021-04-05,METROPOLIS,2150.0,2533.95,2150.0,2483.35,1843061,994991488,Monday,1,14,False,True,323.6999999999998,14.99,True,True,153.85000000000036,6.86,True,False,1479.6000000000001,75.44,True
2021-04-12,METROPOLIS,2539.0,2605.0,2355.65,2483.35,1128521,288761472,Monday,2,15,True,False,0.0,0.0,False,True,153.85000000000036,6.86,True,False,1479.6000000000001,75.44,True
2021-04-19,METROPOLIS,2492.0,2534.0,2364.4,2386.9,327335,159731344,Monday,3,16,False,True,-96.44999999999982,-3.88,False,True,153.85000000000036,6.86,True,False,1479.6000000000001,75.44,True
2021-04-26,METROPOLIS,2412.45,2499.8,2325.65,2395.05,373124,84444672,Monday,4,17,True,False,8.150000000000091,0.34,True,True,153.85000000000036,6.86,True,False,1479.6000000000001,75.44,True
2021-05-03,METROPOLIS,2375.0,2430.0,2251.05,2275.65,252711,151790400,Monday,1,18,False,True,-119.40000000000009,-4.99,False,False,189.0,7.89,True,False,1479.6000000000001,75.44,True
2021-05-10,METROPOLIS,2310.0,2465.0,2250.0,2333.65,469271,97163848,Monday,2,19,True,False,58.0,2.55,True,False,189.0,7.89,True,False,1479.6000000000001,75.44,True
2021-05-17,METROPOLIS,2357.0,2373.15,2261.0,2283.3,254288,109210240,Monday,3,20,False,True,-50.34999999999991,-2.16,False,False,189.0,7.89,True,False,1479.6000000000001,75.44,True
2021-05-24,METROPOLIS,2283.3,2615.0,2283.3,2524.15,1770776,4035711744,Monday,4,21,True,False,240.8499999999999,10.55,True,False,189.0,7.89,True,False,1479.6000000000001,75.44,True
2021-05-31,METROPOLIS,2524.95,2708.95,2430.8,2527.6,1743789,2077742848,Monday,5,22,False,True,3.449999999999818,0.14,True,False,189.0,7.89,True,False,1479.6000000000001,75.44,True
2021-06-07,METROPOLIS,2550.0,3061.0,2550.0,2972.9,2446515,590096832,Monday,1,23,False,False,445.3000000000002,17.62,True,True,251.69999999999982,9.74,True,False,1479.6000000000001,75.44,True
2021-06-14,METROPOLIS,2975.0,3098.0,2676.0,2761.75,881573,280847872,Monday,2,24,True,True,-211.1500000000001,-7.1,False,True,251.69999999999982,9.74,True,False,1479.6000000000001,75.44,True
2021-06-21,METROPOLIS,2741.0,3008.0,2695.65,2954.05,901447,1260439936,Monday,3,25,False,False,192.30000000000018,6.96,True,True,251.69999999999982,9.74,True,False,1479.6000000000001,75.44,True
2021-06-28,METROPOLIS,2955.0,2960.0,2765.05,2884.45,791872,365791520,Monday,4,26,True,True,-69.60000000000036,-2.36,False,True,251.69999999999982,9.74,True,False,1479.6000000000001,75.44,True
2021-07-05,METROPOLIS,2884.85,3144.45,2857.65,2997.8,1590795,2546298368,Monday,1,27,False,False,113.35000000000036,3.93,True,False,9.0,0.32,True,False,1479.6000000000001,75.44,True
2021-07-12,METROPOLIS,2990.0,3004.4,2785.0,2833.95,831565,298403584,Monday,2,28,True,True,-163.85000000000036,-5.47,False,False,9.0,0.32,True,False,1479.6000000000001,75.44,True
2021-07-19,METROPOLIS,2833.95,2882.15,2770.05,2830.95,489382,325697952,Monday,3,29,False,False,-3.0,-0.11,False,False,9.0,0.32,True,False,1479.6000000000001,75.44,True
2021-07-26,METROPOLIS,2851.7,3231.8,2767.25,2844.75,1882918,2161546240,Monday,4,30,True,True,13.800000000000182,0.49,True,False,9.0,0.32,True,False,1479.6000000000001,75.44,True
2021-08-02,METROPOLIS,2880.0,3145.0,2845.0,2886.6,2171223,3716947968,Monday,1,31,False,False,41.84999999999991,1.47,True,True,-21.199999999999818,-0.75,False,False,1479.6000000000001,75.44,True
2021-08-09,METROPOLIS,2930.0,2943.95,2608.8,2679.55,1512316,844334272,Monday,2,32,True,True,-207.04999999999973,-7.17,False,True,-21.199999999999818,-0.75,False,False,1479.6000000000001,75.44,True
2021-08-16,METROPOLIS,2689.8,2845.0,2610.0,2745.75,1104684,801410304,Monday,3,33,False,False,66.19999999999982,2.47,True,True,-21.199999999999818,-0.75,False,False,1479.6000000000001,75.44,True
2021-08-23,METROPOLIS,2777.8,2777.85,2635.35,2726.0,654772,475493440,Monday,4,34,True,True,-19.75,-0.72,False,True,-21.199999999999818,-0.75,False,False,1479.6000000000001,75.44,True
2021-08-30,METROPOLIS,2726.0,2926.65,2718.0,2836.0,941857,278880896,Monday,5,35,False,False,110.0,4.04,True,True,-21.199999999999818,-0.75,False,False,1479.6000000000001,75.44,True
2021-09-06,METROPOLIS,2840.0,3049.7,2827.15,3008.4,1001643,1439426048,Monday,1,36,False,True,172.4000000000001,6.08,True,False,-122.75,-4.35,False,False,1479.6000000000001,75.44,True
2021-09-13,METROPOLIS,3030.0,3240.0,2981.05,3145.6,1139691,389415840,Monday,2,37,True,False,137.19999999999982,4.56,True,False,-122.75,-4.35,False,False,1479.6000000000001,75.44,True
2021-09-20,METROPOLIS,3129.0,3166.45,2974.0,3055.4,988616,648251968,Monday,3,38,False,True,-90.19999999999982,-2.87,False,False,-122.75,-4.35,False,False,1479.6000000000001,75.44,True
2021-09-27,METROPOLIS,3059.0,3095.8,2666.0,2781.5,2019755,902087744,Monday,4,39,True,False,-273.9000000000001,-8.96,False,False,-122.75,-4.35,False,False,1479.6000000000001,75.44,True
2021-10-04,METROPOLIS,2807.0,2903.1,2761.0,2839.85,869816,323853664,Monday,1,40,False,True,58.34999999999991,2.1,True,True,261.39999999999964,9.68,True,False,1479.6000000000001,75.44,True
2021-10-11,METROPOLIS,2844.0,2895.15,2630.0,2642.85,704283,626109696,Monday,2,41,True,False,-197.0,-6.94,False,True,261.39999999999964,9.68,True,False,1479.6000000000001,75.44,True
2021-10-18,METROPOLIS,2700.0,3034.95,2631.1,2812.25,2706123,1183400448,Monday,3,42,False,True,169.4000000000001,6.41,True,True,261.39999999999964,9.68,True,False,1479.6000000000001,75.44,True
2021-10-25,METROPOLIS,2846.55,2977.0,2727.9,2962.2,1867524,655487488,Monday,4,43,True,False,149.94999999999982,5.33,True,True,261.39999999999964,9.68,True,False,1479.6000000000001,75.44,True
2021-11-01,METROPOLIS,2962.2,3100.0,2900.0,3046.5,847910,49855972,Monday,1,44,False,True,84.30000000000018,2.85,True,False,330.7000000000003,11.16,True,False,1479.6000000000001,75.44,True
2021-11-08,METROPOLIS,3055.05,3210.05,3003.2,3094.55,1324560,851400448,Monday,2,45,True,False,48.05000000000018,1.58,True,False,330.7000000000003,11.16,True,False,1479.6000000000001,75.44,True
2021-11-15,METROPOLIS,3120.0,3399.0,3085.6,3146.8,2288953,1094683648,Monday,3,46,False,True,52.25,1.69,True,False,330.7000000000003,11.16,True,False,1479.6000000000001,75.44,True
2021-11-22,METROPOLIS,3140.0,3204.7,2932.7,3062.4,1668637,2315652096,Monday,4,47,True,False,-84.40000000000009,-2.68,False,False,330.7000000000003,11.16,True,False,1479.6000000000001,75.44,True
2021-11-29,METROPOLIS,3070.0,3323.95,3062.4,3204.9,1917581,452054336,Monday,5,48,False,True,142.5,4.65,True,False,330.7000000000003,11.16,True,False,1479.6000000000001,75.44,True
2021-12-06,METROPOLIS,3232.55,3374.0,3068.0,3222.8,1805181,442071488,Monday,1,49,False,False,17.90000000000009,0.56,True,True,148.0,4.49,True,False,1479.6000000000001,75.44,True
2021-12-13,METROPOLIS,3222.8,3414.95,3182.45,3260.6,1055854,506918976,Monday,2,50,True,True,37.79999999999973,1.17,True,True,148.0,4.49,True,False,1479.6000000000001,75.44,True
2021-12-20,METROPOLIS,3226.0,3421.1,3065.4,3278.2,1380074,573452224,Monday,3,51,False,False,17.59999999999991,0.54,True,True,148.0,4.49,True,False,1479.6000000000001,75.44,True
2021-12-27,METROPOLIS,3295.0,3579.9,3275.0,3440.9,1395612,474383104,Monday,4,52,True,True,162.70000000000027,4.96,True,True,148.0,4.49,True,False,1479.6000000000001,75.44,True
2022-01-03,METROPOLIS,3459.9,3483.6,3235.05,3268.75,721489,400918720,Monday,1,1,False,False,-172.1500000000001,-5.0,False,False,-927.8000000000002,-26.96,False,True,-2113.4,-61.42,False
2022-01-10,METROPOLIS,3277.0,3277.0,3006.0,3053.1,754389,374731392,Monday,2,2,True,True,-215.6500000000001,-6.6,False,False,-927.8000000000002,-26.96,False,True,-2113.4,-61.42,False
2022-01-17,METROPOLIS,3029.7,3034.55,2645.05,2658.25,1281057,898174848,Monday,3,3,False,False,-394.8499999999999,-12.93,False,False,-927.8000000000002,-26.96,False,True,-2113.4,-61.42,False
2022-01-24,METROPOLIS,2629.95,2674.3,2428.25,2520.0,815931,433094752,Monday,4,4,True,True,-138.25,-5.2,False,False,-927.8000000000002,-26.96,False,True,-2113.4,-61.42,False
2022-01-31,METROPOLIS,2519.0,2653.0,2380.0,2586.7,1778653,327628832,Monday,5,5,False,False,66.69999999999982,2.65,True,False,-927.8000000000002,-26.96,False,True,-2113.4,-61.42,False
2022-02-07,METROPOLIS,2588.0,2599.6,2363.75,2421.65,740509,478924864,Monday,1,6,False,True,-165.04999999999973,-6.38,False,True,-556.3999999999999,-22.14,False,True,-2113.4,-61.42,False
2022-02-14,METROPOLIS,2259.0,2297.95,1871.0,2000.5,7205065,637043200,Monday,2,7,True,False,-421.1500000000001,-17.39,False,True,-556.3999999999999,-22.14,False,True,-2113.4,-61.42,False
2022-02-21,METROPOLIS,1982.0,2144.15,1925.1,1982.8,1260422567,1304176768,Monday,3,8,False,True,-17.700000000000045,-0.88,False,True,-556.3999999999999,-22.14,False,True,-2113.4,-61.42,False
2022-02-28,METROPOLIS,1975.0,2000.0,1854.0,1895.7,1049358,698135104,Monday,4,9,True,False,-87.09999999999991,-4.39,False,True,-556.3999999999999,-22.14,False,True,-2113.4,-61.42,False
2022-03-07,METROPOLIS,1850.5,1988.8,1804.05,1895.9,859334,226004560,Monday,1,10,False,True,0.20000000000004547,0.01,True,False,79.04999999999995,4.04,True,True,-2113.4,-61.42,False
2022-03-14,METROPOLIS,1909.9,2053.95,1850.0,1996.35,982959,562194112,Monday,2,11,True,False,100.44999999999982,5.3,True,False,79.04999999999995,4.04,True,True,-2113.4,-61.42,False
2022-03-21,METROPOLIS,2008.0,2048.35,1925.0,1993.9,905261,227165024,Monday,3,12,False,True,-2.449999999999818,-0.12,False,False,79.04999999999995,4.04,True,True,-2113.4,-61.42,False
2022-03-28,METROPOLIS,2003.9,2110.45,1959.55,2091.0,968085,0,Monday,4,13,True,False,97.09999999999991,4.87,True,False,79.04999999999995,4.04,True,True,-2113.4,-61.42,False
2022-04-04,METROPOLIS,2110.05,2570.6,2100.15,2475.3,3586426,0,Monday,1,14,False,True,384.3000000000002,18.38,True,True,362.0500000000002,17.78,True,True,-2113.4,-61.42,False
2022-04-11,METROPOLIS,2480.2,2566.3,2383.6,2417.25,826967,0,Monday,2,15,True,False,-58.05000000000018,-2.35,False,True,362.0500000000002,17.78,True,True,-2113.4,-61.42,False
2022-04-18,METROPOLIS,2420.0,2536.0,2397.2,2407.95,1055712,0,Monday,3,16,False,True,-9.300000000000182,-0.38,False,True,362.0500000000002,17.78,True,True,-2113.4,-61.42,False
2022-04-25,METROPOLIS,2383.9,2485.0,2345.9,2397.8,1008464,0,Monday,4,17,True,False,-10.149999999999636,-0.42,False,True,362.0500000000002,17.78,True,True,-2113.4,-61.42,False
2022-05-02,METROPOLIS,2365.0,2365.0,2101.2,2135.45,571777,0,Monday,1,18,False,True,-262.35000000000036,-10.94,False,False,-781.5000000000002,-32.59,False,True,-2113.4,-61.42,False
2022-05-09,METROPOLIS,2091.0,2148.7,1998.65,2016.25,392194,0,Monday,2,19,True,False,-119.19999999999982,-5.58,False,False,-781.5000000000002,-32.59,False,True,-2113.4,-61.42,False
2022-05-16,METROPOLIS,1995.05,2009.2,1674.6,1742.2,2384389,0,Monday,3,20,False,True,-274.04999999999995,-13.59,False,False,-781.5000000000002,-32.59,False,True,-2113.4,-61.42,False
2022-05-23,METROPOLIS,1799.0,1825.0,1508.75,1665.9,4433338,0,Monday,4,21,True,False,-76.29999999999995,-4.38,False,False,-781.5000000000002,-32.59,False,True,-2113.4,-61.42,False
2022-05-30,METROPOLIS,1685.0,1726.55,1565.1,1644.0,2328061,0,Monday,5,22,False,True,-21.90000000000009,-1.31,False,False,-781.5000000000002,-32.59,False,True,-2113.4,-61.42,False
2022-06-06,METROPOLIS,1654.45,1702.5,1516.0,1585.8,3427099,0,Monday,1,23,False,False,-58.200000000000045,-3.54,False,True,-209.8499999999999,-12.98,False,True,-2113.4,-61.42,False
2022-06-13,METROPOLIS,1570.0,1571.95,1378.05,1403.75,1844847,0,Monday,2,24,True,True,-182.04999999999995,-11.48,False,True,-209.8499999999999,-12.98,False,True,-2113.4,-61.42,False
2022-06-20,METROPOLIS,1418.0,1465.0,1388.3,1440.75,946512,0,Monday,3,25,False,False,37.0,2.64,True,True,-209.8499999999999,-12.98,False,True,-2113.4,-61.42,False
2022-06-27,METROPOLIS,1450.0,1460.6,1392.1,1436.35,1213535,0,Monday,4,26,True,True,-4.400000000000091,-0.31,False,True,-209.8499999999999,-12.98,False,True,-2113.4,-61.42,False
2022-07-04,METROPOLIS,1440.0,1489.0,1412.3,1444.5,1209268,0,Monday,1,27,False,False,8.150000000000091,0.57,True,False,171.79999999999995,12.22,True,True,-2113.4,-61.42,False
2022-07-11,METROPOLIS,1440.0,1463.8,1398.4,1427.65,1058669,0,Monday,2,28,True,True,-16.84999999999991,-1.17,False,False,171.79999999999995,12.22,True,True,-2113.4,-61.42,False
2022-07-18,METROPOLIS,1433.05,1572.5,1433.05,1549.1,1399239,0,Monday,3,29,False,False,121.44999999999982,8.51,True,False,171.79999999999995,12.22,True,True,-2113.4,-61.42,False
2022-07-25,METROPOLIS,1558.5,1590.0,1466.1,1578.25,1304984,0,Monday,4,30,True,True,29.15000000000009,1.88,True,False,171.79999999999995,12.22,True,True,-2113.4,-61.42,False
2022-08-01,METROPOLIS,1598.0,1632.45,1545.0,1555.05,960435,0,Monday,1,31,False,False,-23.200000000000045,-1.47,False,True,-145.0,-9.19,False,True,-2113.4,-61.42,False
2022-08-08,METROPOLIS,1565.3,1579.95,1470.0,1483.0,1192949,0,Monday,2,32,True,True,-72.04999999999995,-4.63,False,True,-145.0,-9.19,False,True,-2113.4,-61.42,False
2022-08-15,METROPOLIS,1476.0,1494.95,1404.3,1415.4,1073887,0,Monday,3,33,False,False,-67.59999999999991,-4.56,False,True,-145.0,-9.19,False,True,-2113.4,-61.42,False
2022-08-22,METROPOLIS,1410.0,1431.0,1355.5,1419.2,1552214,0,Monday,4,34,True,True,3.7999999999999545,0.27,True,True,-145.0,-9.19,False,True,-2113.4,-61.42,False
2022-08-29,METROPOLIS,1380.0,1456.0,1368.35,1402.9,631046,0,Monday,5,35,False,False,-16.299999999999955,-1.15,False,True,-145.0,-9.19,False,True,-2113.4,-61.42,False
2022-09-05,METROPOLIS,1415.7,1499.0,1359.15,1484.55,2258729,0,Monday,1,36,False,True,81.64999999999986,5.82,True,False,121.09999999999991,8.45,True,True,-2113.4,-61.42,False
2022-09-12,METROPOLIS,1492.4,1504.45,1357.25,1363.3,1341534,0,Monday,2,37,True,False,-121.25,-8.17,False,False,121.09999999999991,8.45,True,True,-2113.4,-61.42,False
2022-09-19,METROPOLIS,1377.55,1486.95,1318.05,1460.25,1767945,0,Monday,3,38,False,True,96.95000000000005,7.11,True,False,121.09999999999991,8.45,True,True,-2113.4,-61.42,False
2022-09-26,METROPOLIS,1449.8,1559.45,1429.3,1554.35,1978214,0,Monday,4,39,True,False,94.09999999999991,6.44,True,False,121.09999999999991,8.45,True,True,-2113.4,-61.42,False
2022-10-03,METROPOLIS,1550.05,1578.05,1509.0,1535.4,788350,0,Monday,1,40,False,True,-18.949999999999818,-1.22,False,True,137.45000000000005,8.84,True,True,-2113.4,-61.42,False
2022-10-10,METROPOLIS,1532.0,1599.0,1505.0,1582.75,774272,0,Monday,2,41,True,False,47.34999999999991,3.08,True,True,137.45000000000005,8.84,True,True,-2113.4,-61.42,False
2022-10-17,METROPOLIS,1582.75,1609.45,1525.2,1588.75,671386,0,Monday,3,42,False,True,6.0,0.38,True,True,137.45000000000005,8.84,True,True,-2113.4,-61.42,False
2022-10-24,METROPOLIS,1587.0,1688.05,1584.4,1634.5,753762,0,Monday,4,43,True,False,45.75,2.88,True,True,137.45000000000005,8.84,True,True,-2113.4,-61.42,False
2022-10-31,METROPOLIS,1677.7,1791.2,1632.4,1748.6,598938,0,Monday,5,44,False,True,114.09999999999991,6.98,True,True,137.45000000000005,8.84,True,True,-2113.4,-61.42,False
2022-11-07,METROPOLIS,1764.9,1764.9,1586.0,1603.7,701855,0,Monday,1,45,False,False,-144.89999999999986,-8.29,False,False,-223.5999999999999,-13.22,False,True,-2113.4,-61.42,False
2022-11-14,METROPOLIS,1611.75,1640.0,1404.1,1445.85,3208923,0,Monday,2,46,True,True,-157.85000000000014,-9.84,False,False,-223.5999999999999,-13.22,False,True,-2113.4,-61.42,False
2022-11-21,METROPOLIS,1442.0,1473.95,1416.15,1446.25,1182559,0,Monday,3,47,False,False,0.40000000000009095,0.03,True,False,-223.5999999999999,-13.22,False,True,-2113.4,-61.42,False
2022-11-28,METROPOLIS,1453.9,1492.4,1436.1,1478.65,797966,0,Monday,4,48,True,True,32.40000000000009,2.24,True,False,-223.5999999999999,-13.22,False,True,-2113.4,-61.42,False
2022-12-05,METROPOLIS,1486.4,1489.8,1408.55,1416.9,1068575,0,Monday,1,49,False,False,-61.75,-4.18,False,True,-140.70000000000005,-9.58,False,True,-2113.4,-61.42,False
2022-12-12,METROPOLIS,1416.95,1419.5,1289.5,1295.3,3363275,0,Monday,2,50,True,True,-121.60000000000014,-8.58,False,True,-140.70000000000005,-9.58,False,True,-2113.4,-61.42,False
2022-12-19,METROPOLIS,1295.0,1398.0,1267.05,1319.9,4004996,0,Monday,3,51,False,False,24.600000000000136,1.9,True,True,-140.70000000000005,-9.58,False,True,-2113.4,-61.42,False
2022-12-26,METROPOLIS,1331.7,1349.0,1290.0,1327.5,1486847,0,Monday,4,52,True,True,7.599999999999909,0.58,True,True,-140.70000000000005,-9.58,False,True,-2113.4,-61.42,False
2023-01-02,METROPOLIS,1325.0,1376.75,1292.65,1330.4,1071768,0,Monday,1,1,False,False,2.900000000000091,0.22,True,False,17.5,1.32,True,False,-76.0,-5.73,False
2023-01-09,METROPOLIS,1337.1,1389.95,1332.0,1379.25,810038,0,Monday,2,2,True,True,48.84999999999991,3.67,True,False,17.5,1.32,True,False,-76.0,-5.73,False
2023-01-16,METROPOLIS,1379.5,1395.0,1302.0,1309.75,440361,0,Monday,3,3,False,False,-69.5,-5.04,False,False,17.5,1.32,True,False,-76.0,-5.73,False
2023-01-23,METROPOLIS,1312.0,1333.15,1273.15,1300.9,452274,0,Monday,4,4,True,True,-8.849999999999909,-0.68,False,False,17.5,1.32,True,False,-76.0,-5.73,False
2023-01-30,METROPOLIS,1300.9,1352.95,1220.0,1224.15,801247,0,Monday,5,5,False,False,-76.75,-5.9,False,False,17.5,1.32,True,False,-76.0,-5.73,False
2023-02-06,METROPOLIS,1222.0,1304.95,1190.4,1286.75,1165056,0,Monday,1,6,False,True,62.59999999999991,5.11,True,True,-33.84999999999991,-2.52,False,False,-76.0,-5.73,False
2023-02-13,METROPOLIS,1261.0,1356.5,1261.0,1348.0,1393218,0,Monday,2,7,True,False,61.25,4.76,True,True,-33.84999999999991,-2.52,False,False,-76.0,-5.73,False
2023-02-20,METROPOLIS,1350.0,1372.0,1321.6,1337.4,706014,0,Monday,3,8,False,True,-10.599999999999909,-0.79,False,True,-33.84999999999991,-2.52,False,False,-76.0,-5.73,False
2023-02-27,METROPOLIS,1331.0,1356.0,1298.95,1312.05,591832,0,Monday,4,9,True,False,-25.350000000000136,-1.9,False,True,-33.84999999999991,-2.52,False,False,-76.0,-5.73,False
2023-03-06,METROPOLIS,1312.15,1320.0,1235.4,1240.6,547102,0,Monday,1,10,False,True,-71.45000000000005,-5.45,False,False,-62.850000000000136,-4.79,False,False,-76.0,-5.73,False
2023-03-13,METROPOLIS,1240.0,1297.1,1206.45,1272.7,713356,0,Monday,2,11,True,False,32.100000000000136,2.59,True,False,-62.850000000000136,-4.79,False,False,-76.0,-5.73,False
2023-03-20,METROPOLIS,1296.95,1311.0,1200.0,1203.4,657721,0,Monday,3,12,False,True,-69.29999999999995,-5.45,False,False,-62.850000000000136,-4.79,False,False,-76.0,-5.73,False
2023-03-27,METROPOLIS,1205.0,1253.5,1171.35,1248.3,898048,0,Monday,4,13,True,False,44.899999999999864,3.73,True,False,-62.850000000000136,-4.79,False,False,-76.0,-5.73,False
2023-04-03,METROPOLIS,1262.0,1274.65,1231.45,1240.1,559164,0,Monday,1,14,False,True,-8.200000000000045,-0.66,False,True,3.2000000000000455,0.26,True,False,-76.0,-5.73,False
2023-04-10,METROPOLIS,1255.0,1319.55,1230.1,1290.4,1361536,0,Monday,2,15,True,False,50.30000000000018,4.06,True,True,3.2000000000000455,0.26,True,False,-76.0,-5.73,False
2023-04-17,METROPOLIS,1288.95,1308.45,1225.5,1239.35,783035,0,Monday,3,16,False,True,-51.05000000000018,-3.96,False,True,3.2000000000000455,0.26,True,False,-76.0,-5.73,False
2023-04-24,METROPOLIS,1241.0,1259.0,1214.1,1251.5,787809,0,Monday,4,17,True,False,12.150000000000091,0.98,True,True,3.2000000000000455,0.26,True,False,-76.0,-5.73,False
